{
    "turn": 1,
    "night": false,
    "seed": 39587,
    "remaining": [
        "23Starman",
        "BlackLemonAde",
        "Darkpiplumon",
        "Drasky",
        "Easter",
        "International",
        "Jaik",
        "Lanceryder",
        "LordCassius",
        "Lord of Chromius",
        "Lykill Correli",
        "M3mentoMori",
        "Megaolix",
        "NTKV",
        "Paradosi",
        "PocketRikimaru",
        "Raron",
        "Ricardian",
        "Seventeen",
        "Tarro",
        "Teyao",
        "Witherbrine26",
        "Zeal Iskander"
    ],
    "events": [
        [
            5,
            false,
            120,
            "Witherbrine26",
            []
        ],
        [
            6,
            false,
            1603,
            "Drasky",
            [
                "Drasky"
            ]
        ],
        [
            6,
            true,
            1603,
            "Drasky",
            [
                "Drasky"
            ]
        ]
    ],
    "players": {
        "23Starman": {
            "name": "23Starman",
            "progress_dict": {
                "201": 5,
                "202": 5,
                "220": 2,
                "222": 2,
                "232": 1,
                "306": 5,
                "1701": 10
            },
            "dev_plan": [
                232,
                220,
                222
            ],
            "academics": 0,
            "temperament": 7,
            "concept": "HARUSPEX",
            "conditions": [
                2
            ],
            "items": [],
            "money": 3,
            "willpower": 5,
            "bounty": 1,
            "relative_conditions": {},
            "tattoo": null,
            "crafted_before": []
        },
        "BlackLemonAde": {
            "name": "BlackLemonAde",
            "progress_dict": {
                "201": 5,
                "202": 5,
                "217": 5,
                "218": 5,
                "1201": 10,
                "203": 5
            },
            "dev_plan": [
                1202,
                1203,
                1204
            ],
            "academics": 0,
            "temperament": 7,
            "concept": "PAPERWORK",
            "conditions": [],
            "items": [
                1201,
                1201,
                1201,
                1201
            ],
            "money": 3,
            "willpower": 5,
            "bounty": 1,
            "relative_conditions": {},
            "tattoo": null,
            "crafted_before": []
        },
        "Darkpiplumon": {
            "name": "Darkpiplumon",
            "progress_dict": {
                "101": 5,
                "401": 5,
                "402": 5,
                "403": 5,
                "1901": 10,
                "1902": 3
            },
            "dev_plan": [
                1902,
                1903
            ],
            "academics": 0,
            "temperament": 2,
            "concept": "ENFLESHED",
            "conditions": [
                94,
                94,
                94,
                94,
                94
            ],
            "items": [],
            "money": 3,
            "willpower": 0,
            "bounty": 1,
            "relative_conditions": {},
            "tattoo": null,
            "crafted_before": []
        },
        "Drasky": {
            "name": "Drasky",
            "progress_dict": {
                "401": 5,
                "402": 5,
                "410": 10,
                "1601": 10,
                "403": 3
            },
            "dev_plan": [
                403,
                1602
            ],
            "academics": 0,
            "temperament": 2,
            "concept": "ECLIPSE",
            "conditions": [],
            "items": [],
            "money": 3,
            "willpower": 0,
            "bounty": 1,
            "relative_conditions": {},
            "tattoo": null,
            "crafted_before": []
        },
        "Easter": {
            "name": "Easter",
            "progress_dict": {
                "201": 5,
                "401": 5,
                "501": 5,
                "502": 5,
                "505": 10
            },
            "dev_plan": [
                101,
                503,
                402,
                127
            ],
            "academics": 0,
            "temperament": 7,
            "concept": null,
            "conditions": [
                2
            ],
            "items": [],
            "money": 3,
            "willpower": 3,
            "bounty": 1,
            "relative_conditions": {},
            "tattoo": null,
            "crafted_before": []
        },
        "International": {
            "name": "International",
            "progress_dict": {
                "201": 5,
                "202": 5,
                "217": 5,
                "1801": 10,
                "1802": 10
            },
            "dev_plan": [
                1803,
                1804,
                203,
                208
            ],
            "academics": 0,
            "temperament": 9,
            "concept": "HYPERACTIVE",
            "conditions": [
                107
            ],
            "items": [
                12,
                1201
            ],
            "money": 0,
            "willpower": 5,
            "bounty": 1,
            "relative_conditions": {},
            "tattoo": null,
            "crafted_before": []
        },
        "Jaik": {
            "name": "Jaik",
            "progress_dict": {
                "201": 5,
                "235": 10,
                "401": 5,
                "408": 5,
                "501": 5,
                "502": 2
            },
            "dev_plan": [
                502,
                236,
                404
            ],
            "academics": 0,
            "temperament": 4,
            "concept": null,
            "conditions": [],
            "items": [
                23
            ],
            "money": 3,
            "willpower": 2,
            "bounty": 1,
            "relative_conditions": {},
            "tattoo": null,
            "crafted_before": [
                23
            ]
        },
        "Lanceryder": {
            "name": "Lanceryder",
            "progress_dict": {
                "201": 5,
                "222": 5,
                "401": 5,
                "402": 5,
                "1501": 10,
                "501": 5,
                "502": 5,
                "220": 5
            },
            "dev_plan": [
                220,
                223,
                225
            ],
            "academics": 1,
            "temperament": 7,
            "concept": "GAZE",
            "conditions": [],
            "items": [],
            "money": 3,
            "willpower": 3,
            "bounty": 1,
            "relative_conditions": {},
            "tattoo": null,
            "crafted_before": []
        },
        "LordCassius": {
            "name": "LordCassius",
            "progress_dict": {
                "101": 5,
                "102": 5,
                "122": 5,
                "125": 10,
                "127": 5
            },
            "dev_plan": [
                401,
                402,
                403
            ],
            "academics": 0,
            "temperament": 1,
            "concept": null,
            "conditions": [],
            "items": [],
            "money": 3,
            "willpower": 0,
            "bounty": 1,
            "relative_conditions": {},
            "tattoo": null,
            "crafted_before": []
        },
        "Lord of Chromius": {
            "name": "Lord of Chromius",
            "progress_dict": {
                "201": 5,
                "202": 5,
                "222": 5,
                "229": 5,
                "230": 10,
                "220": 5
            },
            "dev_plan": [
                220,
                203,
                231,
                219,
                217
            ],
            "academics": 1,
            "temperament": 7,
            "concept": null,
            "conditions": [],
            "items": [],
            "money": 3,
            "willpower": 3,
            "bounty": 1,
            "relative_conditions": {},
            "tattoo": null,
            "crafted_before": []
        },
        "Lykill Correli": {
            "name": "Lykill Correli",
            "progress_dict": {
                "201": 5,
                "222": 5,
                "227": 10,
                "228": 10
            },
            "dev_plan": [
                202,
                220,
                235,
                236
            ],
            "academics": 0,
            "temperament": 1,
            "concept": null,
            "conditions": [],
            "items": [
                21
            ],
            "money": 1,
            "willpower": 3,
            "bounty": 1,
            "relative_conditions": {},
            "tattoo": null,
            "crafted_before": []
        },
        "M3mentoMori": {
            "name": "M3mentoMori",
            "progress_dict": {
                "201": 5,
                "202": 5,
                "210": 10,
                "501": 5,
                "516": 5,
                "502": 5
            },
            "dev_plan": [
                222,
                515,
                223
            ],
            "academics": 1,
            "temperament": 7,
            "concept": null,
            "conditions": [],
            "items": [],
            "money": 3,
            "willpower": 3,
            "bounty": 1,
            "relative_conditions": {},
            "tattoo": null,
            "crafted_before": []
        },
        "Magistrate Troggo": {
            "name": "Magistrate Troggo",
            "progress_dict": {
                "201": 5,
                "220": 10,
                "232": 5,
                "901": 10
            },
            "dev_plan": [
                222,
                225
            ],
            "academics": 0,
            "temperament": 7,
            "concept": "SHACKLED",
            "conditions": [
                2,
                1
            ],
            "items": [],
            "money": 3,
            "willpower": 3,
            "bounty": 0,
            "relative_conditions": {},
            "tattoo": null,
            "crafted_before": []
        },
        "Megaolix": {
            "name": "Megaolix",
            "progress_dict": {
                "201": 5,
                "222": 5,
                "225": 10,
                "1301": 10,
                "401": 3
            },
            "dev_plan": [
                401,
                402
            ],
            "academics": 0,
            "temperament": 6,
            "concept": "ERODE",
            "conditions": [],
            "items": [],
            "money": 3,
            "willpower": 3,
            "bounty": 1,
            "relative_conditions": {},
            "tattoo": null,
            "crafted_before": []
        },
        "NTKV": {
            "name": "NTKV",
            "progress_dict": {
                "501": 5,
                "502": 5,
                "503": 5,
                "517": 5,
                "2101": 10,
                "512": 3
            },
            "dev_plan": [
                512,
                514,
                2102
            ],
            "academics": 0,
            "temperament": 1,
            "concept": "RAPIER",
            "conditions": [],
            "items": [
                2
            ],
            "money": 3,
            "willpower": 0,
            "bounty": 1,
            "relative_conditions": {},
            "tattoo": null,
            "crafted_before": []
        },
        "Paradosi": {
            "name": "Paradosi",
            "progress_dict": {
                "101": 5,
                "201": 5,
                "235": 10,
                "1101": 10,
                "127": 2
            },
            "dev_plan": [
                127,
                128
            ],
            "academics": 0,
            "temperament": 4,
            "concept": "MIASMA",
            "conditions": [
                99
            ],
            "items": [
                23
            ],
            "money": 3,
            "willpower": 2,
            "bounty": 1,
            "relative_conditions": {},
            "tattoo": null,
            "crafted_before": [
                23
            ]
        },
        "PocketRikimaru": {
            "name": "PocketRikimaru",
            "progress_dict": {
                "201": 5,
                "202": 5,
                "210": 10,
                "238": 10,
                "401": 5,
                "402": 5,
                "403": 5
            },
            "dev_plan": [
                220,
                211,
                212
            ],
            "academics": 0,
            "temperament": 7,
            "concept": null,
            "conditions": [
                97
            ],
            "items": [],
            "money": 3,
            "willpower": 5,
            "bounty": 1,
            "relative_conditions": {},
            "tattoo": null,
            "crafted_before": []
        },
        "Raron": {
            "name": "Raron",
            "progress_dict": {
                "201": 5,
                "202": 5,
                "217": 5,
                "232": 5,
                "1401": 10,
                "218": 5
            },
            "dev_plan": [
                203,
                1402
            ],
            "academics": 0,
            "temperament": 3,
            "concept": "ENVY",
            "conditions": [],
            "items": [],
            "money": 3,
            "willpower": 4,
            "bounty": 1,
            "relative_conditions": {},
            "tattoo": null,
            "crafted_before": []
        },
        "Ricardian": {
            "name": "Ricardian",
            "progress_dict": {
                "201": 5,
                "202": 5,
                "235": 10,
                "236": 10,
                "237": 4
            },
            "dev_plan": [
                101,
                127,
                128,
                102
            ],
            "academics": 0,
            "temperament": 4,
            "concept": null,
            "conditions": [],
            "items": [
                23,
                1201
            ],
            "money": 3,
            "willpower": 4,
            "bounty": 1,
            "relative_conditions": {},
            "tattoo": null,
            "crafted_before": [
                23,
                1201
            ]
        },
        "Seventeen": {
            "name": "Seventeen",
            "progress_dict": {
                "201": 5,
                "202": 5,
                "210": 10,
                "238": 10,
                "232": 5
            },
            "dev_plan": [
                233,
                222,
                227,
                228
            ],
            "academics": 1,
            "temperament": 7,
            "concept": null,
            "conditions": [],
            "items": [],
            "money": 3,
            "willpower": 5,
            "bounty": 1,
            "relative_conditions": {},
            "tattoo": null,
            "crafted_before": []
        },
        "Tarro": {
            "name": "Tarro",
            "progress_dict": {
                "101": 5,
                "102": 5,
                "122": 5,
                "123": 10,
                "124": 20,
                "501": 5,
                "103": 3
            },
            "dev_plan": [
                103,
                114,
                116,
                104,
                132,
                201
            ],
            "academics": 0,
            "temperament": 2,
            "concept": null,
            "conditions": [
                97
            ],
            "items": [],
            "money": 3,
            "willpower": 0,
            "bounty": 1,
            "relative_conditions": {},
            "tattoo": null,
            "crafted_before": []
        },
        "Teyao": {
            "name": "Teyao",
            "progress_dict": {
                "201": 5,
                "222": 5,
                "401": 5,
                "501": 5,
                "2001": 10,
                "2002": 4
            },
            "dev_plan": [
                2002,
                402,
                2003,
                223
            ],
            "academics": 0,
            "temperament": 3,
            "concept": "PARADE",
            "conditions": [
                77,
                77,
                77
            ],
            "items": [],
            "money": 3,
            "willpower": 3,
            "bounty": 1,
            "relative_conditions": {},
            "tattoo": null,
            "crafted_before": []
        },
        "Witherbrine26": {
            "name": "Witherbrine26",
            "progress_dict": {
                "501": 5,
                "502": 5,
                "505": 10,
                "506": 10,
                "503": 3
            },
            "dev_plan": [
                503,
                504
            ],
            "academics": 0,
            "temperament": 5,
            "concept": null,
            "conditions": [],
            "items": [],
            "money": 3,
            "willpower": 0,
            "bounty": 1,
            "relative_conditions": {},
            "tattoo": null,
            "crafted_before": []
        },
        "Zeal Iskander": {
            "name": "Zeal Iskander",
            "progress_dict": {
                "101": 5,
                "102": 5,
                "114": 5,
                "116": 10,
                "127": 5
            },
            "dev_plan": [
                128,
                103,
                117,
                139
            ],
            "academics": 0,
            "temperament": 1,
            "concept": null,
            "conditions": [],
            "items": [],
            "money": 3,
            "willpower": 0,
            "bounty": 1,
            "relative_conditions": {},
            "tattoo": 10127,
            "crafted_before": []
        }
    },
    "automata": {}
}