{
    "turn": 4,
    "night": false,
    "seed": 39587,
    "remaining": [
        "Darkpiplumon",
        "Drasky",
        "International",
        "Jaik",
        "LordCassius",
        "Lykill Correli",
        "M3mentoMori",
        "NTKV",
        "Paradosi",
        "Raron",
        "Ricardian",
        "Seventeen",
        "Tarro",
        "Teyao",
        "Zeal Iskander"
    ],
    "events": [
        [
            5,
            false,
            120,
            "Witherbrine26",
            []
        ],
        [
            6,
            false,
            1603,
            "Drasky",
            [
                "Drasky"
            ]
        ],
        [
            6,
            true,
            1603,
            "Drasky",
            [
                "Drasky"
            ]
        ]
    ],
    "players": {
        "23Starman": {
            "name": "23Starman",
            "progress_dict": {
                "201": 5,
                "202": 5,
                "220": 2,
                "222": 2,
                "232": 1,
                "306": 5,
                "1701": 10
            },
            "dev_plan": [
                222,
                1702,
                232
            ],
            "academics": 0,
            "temperament": 7,
            "concept": "HARUSPEX",
            "conditions": [
                2,
                1
            ],
            "items": [],
            "money": 2,
            "willpower": 5,
            "bounty": 0,
            "relative_conditions": {},
            "tattoo": null,
            "crafted_before": []
        },
        "BlackLemonAde": {
            "name": "BlackLemonAde",
            "progress_dict": {
                "201": 5,
                "202": 5,
                "217": 5,
                "218": 5,
                "1201": 10,
                "203": 5,
                "1202": 10,
                "1203": 5
            },
            "dev_plan": [
                1203,
                1204
            ],
            "academics": 0,
            "temperament": 7,
            "concept": "PAPERWORK",
            "conditions": [
                2,
                1
            ],
            "items": [
                18
            ],
            "money": 2,
            "willpower": 5,
            "bounty": 0,
            "relative_conditions": {},
            "tattoo": null,
            "crafted_before": []
        },
        "Darkpiplumon": {
            "name": "Darkpiplumon",
            "progress_dict": {
                "101": 5,
                "401": 5,
                "402": 5,
                "403": 5,
                "1901": 10,
                "1902": 15,
                "1903": 6
            },
            "dev_plan": [
                1903,
                404
            ],
            "academics": 0,
            "temperament": 2,
            "concept": "ENFLESHED",
            "conditions": [
                94,
                94,
                94,
                103,
                103,
                21,
                21,
                103,
                103,
                21,
                21
            ],
            "items": [
                9,
                19
            ],
            "money": 5,
            "willpower": 0,
            "bounty": 1,
            "relative_conditions": {},
            "tattoo": null,
            "crafted_before": []
        },
        "Drasky": {
            "name": "Drasky",
            "progress_dict": {
                "401": 5,
                "402": 5,
                "410": 10,
                "1601": 10,
                "403": 5,
                "1602": 5,
                "408": 5,
                "1603": 3
            },
            "dev_plan": [
                1603
            ],
            "academics": 0,
            "temperament": 2,
            "concept": "ECLIPSE",
            "conditions": [],
            "items": [
                2,
                5,
                9,
                1201,
                12,
                1201
            ],
            "money": 1,
            "willpower": 0,
            "bounty": 1,
            "relative_conditions": {},
            "tattoo": null,
            "crafted_before": []
        },
        "Easter": {
            "name": "Easter",
            "progress_dict": {
                "201": 5,
                "401": 5,
                "501": 5,
                "502": 5,
                "505": 10
            },
            "dev_plan": [
                101,
                503,
                402,
                127
            ],
            "academics": 0,
            "temperament": 7,
            "concept": null,
            "conditions": [
                2,
                1
            ],
            "items": [],
            "money": 4,
            "willpower": 3,
            "bounty": 0,
            "relative_conditions": {},
            "tattoo": null,
            "crafted_before": []
        },
        "International": {
            "name": "International",
            "progress_dict": {
                "201": 5,
                "202": 5,
                "217": 5,
                "1801": 10,
                "1802": 10,
                "1803": 10,
                "232": 5,
                "1804": 2
            },
            "dev_plan": [
                1804,
                307,
                1805
            ],
            "academics": 0,
            "temperament": 9,
            "concept": "HYPERACTIVE",
            "conditions": [
                107,
                77
            ],
            "items": [
                9
            ],
            "money": 1,
            "willpower": 5,
            "bounty": 1,
            "relative_conditions": {},
            "tattoo": null,
            "crafted_before": []
        },
        "Jaik": {
            "name": "Jaik",
            "progress_dict": {
                "201": 5,
                "235": 10,
                "401": 5,
                "408": 5,
                "501": 5,
                "502": 5,
                "236": 10,
                "404": 5,
                "402": 4
            },
            "dev_plan": [
                402,
                237,
                403
            ],
            "academics": 0,
            "temperament": 4,
            "concept": null,
            "conditions": [],
            "items": [
                23,
                5,
                9
            ],
            "money": 8,
            "willpower": 2,
            "bounty": 1,
            "relative_conditions": {},
            "tattoo": null,
            "crafted_before": [
                23,
                5,
                12,
                1201,
                9
            ]
        },
        "Lanceryder": {
            "name": "Lanceryder",
            "progress_dict": {
                "201": 5,
                "222": 5,
                "401": 5,
                "402": 5,
                "1501": 10,
                "501": 5,
                "502": 5,
                "220": 10,
                "223": 6
            },
            "dev_plan": [
                223,
                225
            ],
            "academics": 2,
            "temperament": 7,
            "concept": "GAZE",
            "conditions": [
                2,
                1
            ],
            "items": [],
            "money": 8,
            "willpower": 2,
            "bounty": 0,
            "relative_conditions": {},
            "tattoo": null,
            "crafted_before": []
        },
        "LordCassius": {
            "name": "LordCassius",
            "progress_dict": {
                "101": 5,
                "102": 5,
                "122": 5,
                "125": 10,
                "127": 5,
                "401": 5
            },
            "dev_plan": [
                402,
                403
            ],
            "academics": 0,
            "temperament": 1,
            "concept": null,
            "conditions": [
                2
            ],
            "items": [
                21
            ],
            "money": 3,
            "willpower": 0,
            "bounty": 1,
            "relative_conditions": {},
            "tattoo": null,
            "crafted_before": []
        },
        "Lord of Chromius": {
            "name": "Lord of Chromius",
            "progress_dict": {
                "201": 5,
                "202": 5,
                "222": 5,
                "229": 5,
                "230": 10,
                "220": 8
            },
            "dev_plan": [
                220,
                203,
                210,
                204,
                217
            ],
            "academics": 1,
            "temperament": 7,
            "concept": null,
            "conditions": [
                2,
                1
            ],
            "items": [],
            "money": 5,
            "willpower": 0,
            "bounty": 0,
            "relative_conditions": {},
            "tattoo": null,
            "crafted_before": []
        },
        "Lykill Correli": {
            "name": "Lykill Correli",
            "progress_dict": {
                "201": 5,
                "222": 5,
                "227": 10,
                "228": 10,
                "202": 5,
                "220": 10,
                "235": 4
            },
            "dev_plan": [
                235,
                225,
                226,
                221
            ],
            "academics": 0,
            "temperament": 1,
            "concept": null,
            "conditions": [],
            "items": [
                21
            ],
            "money": 4,
            "willpower": 3,
            "bounty": 1,
            "relative_conditions": {},
            "tattoo": null,
            "crafted_before": []
        },
        "M3mentoMori": {
            "name": "M3mentoMori",
            "progress_dict": {
                "201": 5,
                "202": 5,
                "210": 10,
                "501": 5,
                "516": 5,
                "502": 5,
                "222": 5,
                "217": 5,
                "515": 5,
                "509": 4
            },
            "dev_plan": [
                509,
                517,
                518
            ],
            "academics": 3,
            "temperament": 7,
            "concept": null,
            "conditions": [],
            "items": [
                3,
                12
            ],
            "money": 1,
            "willpower": 3,
            "bounty": 1,
            "relative_conditions": {},
            "tattoo": null,
            "crafted_before": []
        },
        "Magistrate Troggo": {
            "name": "Magistrate Troggo",
            "progress_dict": {
                "201": 5,
                "220": 10,
                "232": 5,
                "901": 10
            },
            "dev_plan": [
                222,
                225
            ],
            "academics": 0,
            "temperament": 7,
            "concept": "SHACKLED",
            "conditions": [
                2,
                1
            ],
            "items": [],
            "money": 3,
            "willpower": 3,
            "bounty": 0,
            "relative_conditions": {},
            "tattoo": null,
            "crafted_before": []
        },
        "Megaolix": {
            "name": "Megaolix",
            "progress_dict": {
                "201": 5,
                "222": 5,
                "225": 10,
                "1301": 10,
                "401": 5,
                "1302": 10,
                "402": 3
            },
            "dev_plan": [
                1304
            ],
            "academics": 0,
            "temperament": 6,
            "concept": "ERODE",
            "conditions": [
                2,
                1
            ],
            "items": [],
            "money": 6,
            "willpower": 2,
            "bounty": 0,
            "relative_conditions": {},
            "tattoo": null,
            "crafted_before": []
        },
        "NTKV": {
            "name": "NTKV",
            "progress_dict": {
                "501": 5,
                "502": 5,
                "503": 5,
                "517": 5,
                "2101": 10,
                "512": 5,
                "514": 5,
                "2102": 5,
                "401": 5
            },
            "dev_plan": [
                2102
            ],
            "academics": 0,
            "temperament": 1,
            "concept": "RAPIER",
            "conditions": [],
            "items": [
                2,
                9,
                12,
                11
            ],
            "money": 0,
            "willpower": 0,
            "bounty": 1,
            "relative_conditions": {},
            "tattoo": null,
            "crafted_before": []
        },
        "Paradosi": {
            "name": "Paradosi",
            "progress_dict": {
                "101": 5,
                "201": 5,
                "235": 10,
                "1101": 10,
                "127": 5,
                "128": 10,
                "1102": 10,
                "1103": 8
            },
            "dev_plan": [
                1103,
                102
            ],
            "academics": 0,
            "temperament": 4,
            "concept": "MIASMA",
            "conditions": [
                99
            ],
            "items": [
                23,
                5,
                12,
                9
            ],
            "money": 8,
            "willpower": 2,
            "bounty": 1,
            "relative_conditions": {},
            "tattoo": null,
            "crafted_before": [
                23,
                5,
                16,
                12,
                9,
                1201
            ]
        },
        "PocketRikimaru": {
            "name": "PocketRikimaru",
            "progress_dict": {
                "201": 5,
                "202": 5,
                "210": 10,
                "238": 10,
                "401": 5,
                "402": 5,
                "403": 5
            },
            "dev_plan": [
                220,
                211,
                212
            ],
            "academics": 0,
            "temperament": 7,
            "concept": null,
            "conditions": [
                97,
                2,
                1
            ],
            "items": [],
            "money": 4,
            "willpower": 3,
            "bounty": 0,
            "relative_conditions": {},
            "tattoo": null,
            "crafted_before": []
        },
        "Raron": {
            "name": "Raron",
            "progress_dict": {
                "201": 5,
                "202": 5,
                "217": 5,
                "232": 5,
                "1401": 10,
                "218": 5,
                "1402": 5,
                "401": 5,
                "404": 5,
                "229": 5,
                "203": 3
            },
            "dev_plan": [
                203,
                408,
                402,
                204
            ],
            "academics": 0,
            "temperament": 3,
            "concept": "ENVY",
            "conditions": [],
            "items": [
                2
            ],
            "money": 3,
            "willpower": 4,
            "bounty": 1,
            "relative_conditions": {},
            "tattoo": null,
            "crafted_before": []
        },
        "Ricardian": {
            "name": "Ricardian",
            "progress_dict": {
                "201": 5,
                "202": 5,
                "235": 10,
                "236": 10,
                "237": 10,
                "203": 5,
                "101": 5,
                "127": 5,
                "102": 5,
                "128": 5
            },
            "dev_plan": [
                128
            ],
            "academics": 0,
            "temperament": 4,
            "concept": null,
            "conditions": [],
            "items": [
                23,
                22,
                6,
                10
            ],
            "money": 20,
            "willpower": 5,
            "bounty": 1,
            "relative_conditions": {},
            "tattoo": null,
            "crafted_before": [
                23,
                1201,
                9,
                22,
                24,
                3,
                6,
                8,
                12,
                10
            ]
        },
        "Seventeen": {
            "name": "Seventeen",
            "progress_dict": {
                "201": 5,
                "202": 5,
                "210": 10,
                "238": 10,
                "232": 5,
                "233": 10,
                "222": 5,
                "227": 10,
                "203": 5
            },
            "dev_plan": [
                228,
                220
            ],
            "academics": 4,
            "temperament": 7,
            "concept": null,
            "conditions": [
                2
            ],
            "items": [],
            "money": 4,
            "willpower": 2,
            "bounty": 1,
            "relative_conditions": {},
            "tattoo": null,
            "crafted_before": []
        },
        "Tarro": {
            "name": "Tarro",
            "progress_dict": {
                "101": 5,
                "102": 5,
                "122": 5,
                "123": 10,
                "124": 20,
                "501": 5,
                "103": 5,
                "114": 5,
                "116": 10,
                "104": 5,
                "113": 5
            },
            "dev_plan": [
                113,
                401,
                402,
                403,
                510,
                511
            ],
            "academics": 0,
            "temperament": 2,
            "concept": null,
            "conditions": [
                97
            ],
            "items": [
                9,
                16,
                8
            ],
            "money": 7,
            "willpower": 0,
            "bounty": 1,
            "relative_conditions": {},
            "tattoo": 10124,
            "crafted_before": []
        },
        "Teyao": {
            "name": "Teyao",
            "progress_dict": {
                "201": 5,
                "222": 5,
                "401": 5,
                "501": 5,
                "2001": 10,
                "2002": 10,
                "402": 5,
                "2003": 10,
                "229": 5,
                "2004": 2
            },
            "dev_plan": [
                2004
            ],
            "academics": 0,
            "temperament": 3,
            "concept": "PARADE",
            "conditions": [
                77,
                77,
                77,
                21
            ],
            "items": [
                5
            ],
            "money": 6,
            "willpower": 3,
            "bounty": 1,
            "relative_conditions": {},
            "tattoo": 10127,
            "crafted_before": []
        },
        "Witherbrine26": {
            "name": "Witherbrine26",
            "progress_dict": {
                "501": 5,
                "502": 5,
                "505": 10,
                "506": 10,
                "503": 5,
                "504": 4
            },
            "dev_plan": [
                504
            ],
            "academics": 0,
            "temperament": 5,
            "concept": null,
            "conditions": [
                2,
                1
            ],
            "items": [],
            "money": 5,
            "willpower": 0,
            "bounty": 0,
            "relative_conditions": {
                "Tarro": [
                    25
                ],
                "Jaik": [
                    25,
                    27
                ],
                "Lanceryder": [
                    25,
                    27
                ]
            },
            "tattoo": null,
            "crafted_before": []
        },
        "Zeal Iskander": {
            "name": "Zeal Iskander",
            "progress_dict": {
                "101": 5,
                "102": 5,
                "114": 5,
                "116": 10,
                "127": 5,
                "128": 10,
                "103": 5,
                "139": 3
            },
            "dev_plan": [
                139,
                117
            ],
            "academics": 0,
            "temperament": 1,
            "concept": null,
            "conditions": [],
            "items": [
                1201
            ],
            "money": 2,
            "willpower": 0,
            "bounty": 1,
            "relative_conditions": {},
            "tattoo": 10127,
            "crafted_before": []
        }
    },
    "automata": {
        "Assistant Troggo": {
            "name": "Assistant Troggo",
            "owner": "Ricardian",
            "conditions": [],
            "items": [],
            "bounty": 0,
            "relative_conditions": {},
            "tattoo": null
        }
    }
}