{
    "turn": 9,
    "night": true,
    "seed": 21401,
    "remaining": [
        "Megaolix",
        "Ricardian",
        "RyoAtemi"
    ],
    "events": [],
    "players": {
        "23Starman": {
            "name": "23Starman",
            "progress_dict": {
                "306": 5,
                "501": 5,
                "1701": 10,
                "1702": 5,
                "1703": 10,
                "1704": 5,
                "512": 2
            },
            "dev_plan": [
                512,
                514,
                502,
                503,
                1705
            ],
            "academics": 0,
            "temperament": 1,
            "concept": "HARUSPEX",
            "conditions": [
                2,
                1
            ],
            "items": [],
            "money": 4,
            "willpower": 0,
            "bounty": 0,
            "relative_conditions": {},
            "tattoo": null,
            "crafted_before": []
        },
        "Aabcehmu": {
            "name": "Aabcehmu",
            "progress_dict": {
                "101": 5,
                "127": 5,
                "401": 5,
                "404": 5,
                "406": 10,
                "117": 5,
                "102": 5,
                "107": 5,
                "128": 1
            },
            "dev_plan": [
                128,
                108,
                139,
                103,
                118
            ],
            "academics": 2,
            "temperament": 7,
            "concept": null,
            "conditions": [
                2,
                1
            ],
            "items": [],
            "money": 4,
            "willpower": 0,
            "bounty": 0,
            "relative_conditions": {},
            "tattoo": null,
            "crafted_before": []
        },
        "Bedna337": {
            "name": "Bedna337",
            "progress_dict": {
                "201": 5,
                "202": 5,
                "210": 10,
                "235": 10,
                "236": 6
            },
            "dev_plan": [
                236,
                203,
                222,
                237
            ],
            "academics": 0,
            "temperament": 10,
            "concept": null,
            "conditions": [
                2,
                1
            ],
            "items": [
                23
            ],
            "money": 4,
            "willpower": 1,
            "bounty": 0,
            "relative_conditions": {},
            "tattoo": null,
            "crafted_before": [
                23,
                12
            ]
        },
        "BlackLemonAde": {
            "name": "BlackLemonAde",
            "progress_dict": {
                "501": 5,
                "502": 5,
                "509": 10,
                "519": 5,
                "520": 5,
                "521": 5,
                "515": 4
            },
            "dev_plan": [
                515,
                503,
                516,
                517
            ],
            "academics": 0,
            "temperament": 2,
            "concept": null,
            "conditions": [
                107,
                2,
                1
            ],
            "items": [],
            "money": 6,
            "willpower": 0,
            "bounty": 0,
            "relative_conditions": {},
            "tattoo": null,
            "crafted_before": []
        },
        "Darkpiplumon": {
            "name": "Darkpiplumon",
            "progress_dict": {
                "401": 5,
                "402": 5,
                "403": 5,
                "501": 5,
                "519": 5,
                "520": 5,
                "502": 5,
                "509": 1
            },
            "dev_plan": [
                509
            ],
            "academics": 0,
            "temperament": 2,
            "concept": null,
            "conditions": [
                2,
                1
            ],
            "items": [],
            "money": 6,
            "willpower": 0,
            "bounty": 0,
            "relative_conditions": {},
            "tattoo": null,
            "crafted_before": []
        },
        "Dragonlord7": {
            "name": "Dragonlord7",
            "progress_dict": {
                "306": 5,
                "501": 5,
                "1301": 10,
                "1302": 10,
                "101": 3
            },
            "dev_plan": [
                101,
                127,
                128,
                102,
                1304,
                129
            ],
            "academics": 0,
            "temperament": 2,
            "concept": "ERODE",
            "conditions": [
                2,
                1
            ],
            "items": [],
            "money": 1,
            "willpower": 0,
            "bounty": 0,
            "relative_conditions": {},
            "tattoo": null,
            "crafted_before": []
        },
        "Drasky": {
            "name": "Drasky",
            "progress_dict": {
                "306": 5,
                "401": 5,
                "410": 10,
                "3001": 10,
                "3002": 5,
                "3003": 4
            },
            "dev_plan": [
                3003,
                404
            ],
            "academics": 0,
            "temperament": 2,
            "concept": "LIBRA",
            "conditions": [
                21,
                2,
                21,
                77,
                1
            ],
            "items": [],
            "money": 4,
            "willpower": 0,
            "bounty": 0,
            "relative_conditions": {},
            "tattoo": null,
            "crafted_before": []
        },
        "Lord of Chromius": {
            "name": "Lord of Chromius",
            "progress_dict": {
                "101": 5,
                "102": 5,
                "103": 5,
                "117": 5,
                "118": 10,
                "127": 5,
                "132": 5,
                "135": 10,
                "104": 5,
                "107": 5,
                "108": 5
            },
            "dev_plan": [
                128,
                120,
                137
            ],
            "academics": 0,
            "temperament": 7,
            "concept": null,
            "conditions": [
                97,
                101,
                96,
                2,
                1
            ],
            "items": [],
            "money": 3,
            "willpower": 0,
            "bounty": 0,
            "relative_conditions": {},
            "tattoo": null,
            "crafted_before": []
        },
        "Megaolix": {
            "name": "Megaolix",
            "progress_dict": {
                "201": 5,
                "222": 5,
                "227": 10,
                "228": 10,
                "202": 5,
                "203": 5,
                "240": 5,
                "232": 5,
                "233": 10,
                "204": 5,
                "205": 5,
                "219": 5,
                "239": 10
            },
            "dev_plan": [
                220
            ],
            "academics": 1,
            "temperament": 5,
            "concept": null,
            "conditions": [
                18
            ],
            "items": [],
            "money": 10,
            "willpower": 10,
            "bounty": 1,
            "relative_conditions": {},
            "tattoo": null,
            "crafted_before": []
        },
        "Omniscience": {
            "name": "Omniscience",
            "progress_dict": {
                "501": 5,
                "502": 5,
                "510": 5,
                "4501": 10,
                "4502": 6,
                "503": 5
            },
            "dev_plan": [
                4502,
                4503,
                504
            ],
            "academics": 0,
            "temperament": 5,
            "concept": "SCAPEGOAT",
            "conditions": [
                2,
                1
            ],
            "items": [],
            "money": 5,
            "willpower": 0,
            "bounty": 0,
            "relative_conditions": {},
            "tattoo": null,
            "crafted_before": []
        },
        "Papa Loa": {
            "name": "Papa Loa",
            "progress_dict": {
                "101": 5,
                "306": 5,
                "3301": 10,
                "3302": 5,
                "3303": 5,
                "117": 5,
                "102": 5,
                "118": 10,
                "103": 5,
                "119": 9
            },
            "dev_plan": [
                119,
                401,
                409
            ],
            "academics": 0,
            "temperament": 2,
            "concept": "FRAUD",
            "conditions": [
                2,
                1
            ],
            "items": [],
            "money": 2,
            "willpower": 0,
            "bounty": 1,
            "relative_conditions": {},
            "tattoo": null,
            "crafted_before": []
        },
        "Paradosi": {
            "name": "Paradosi",
            "progress_dict": {
                "201": 5,
                "202": 5,
                "213": 10,
                "216": 10
            },
            "dev_plan": [
                501,
                101,
                117,
                120
            ],
            "academics": 0,
            "temperament": 2,
            "concept": null,
            "conditions": [
                2,
                1
            ],
            "items": [],
            "money": 0,
            "willpower": 3,
            "bounty": 0,
            "relative_conditions": {},
            "tattoo": null,
            "crafted_before": []
        },
        "PocketRikimaru": {
            "name": "PocketRikimaru",
            "progress_dict": {
                "101": 5,
                "102": 5,
                "103": 5,
                "117": 5,
                "122": 5,
                "127": 5,
                "118": 10,
                "104": 5,
                "120": 10,
                "105": 5
            },
            "dev_plan": [
                132
            ],
            "academics": 0,
            "temperament": 2,
            "concept": null,
            "conditions": [
                2,
                1
            ],
            "items": [],
            "money": 3,
            "willpower": 0,
            "bounty": 0,
            "relative_conditions": {},
            "tattoo": null,
            "crafted_before": []
        },
        "Raron": {
            "name": "Raron",
            "progress_dict": {
                "501": 5,
                "502": 5,
                "503": 5,
                "507": 10,
                "508": 5,
                "515": 3
            },
            "dev_plan": [
                515,
                512,
                401,
                402,
                403,
                101,
                408,
                509
            ],
            "academics": 0,
            "temperament": 8,
            "concept": null,
            "conditions": [
                2,
                1
            ],
            "items": [],
            "money": 5,
            "willpower": 0,
            "bounty": 0,
            "relative_conditions": {},
            "tattoo": null,
            "crafted_before": []
        },
        "Ricardian": {
            "name": "Ricardian",
            "progress_dict": {
                "401": 5,
                "404": 5,
                "406": 10,
                "501": 5,
                "519": 5,
                "516": 5,
                "502": 5,
                "515": 5,
                "512": 5,
                "514": 5,
                "503": 5,
                "405": 10,
                "408": 5,
                "517": 5
            },
            "dev_plan": [],
            "academics": 0,
            "temperament": 2,
            "concept": null,
            "conditions": [],
            "items": [
                21,
                9,
                3302,
                3302,
                3302,
                3303,
                3303,
                3303,
                9,
                7,
                14,
                3301,
                3301,
                3301,
                2
            ],
            "money": 4,
            "willpower": 0,
            "bounty": 1,
            "relative_conditions": {},
            "tattoo": null,
            "crafted_before": []
        },
        "RyoAtemi": {
            "name": "RyoAtemi",
            "progress_dict": {
                "101": 5,
                "102": 5,
                "127": 5,
                "306": 5,
                "1201": 10,
                "114": 5,
                "1202": 5,
                "117": 5,
                "103": 5,
                "111": 10,
                "112": 2,
                "130": 10
            },
            "dev_plan": [
                112,
                122,
                143,
                142,
                139,
                128
            ],
            "academics": 0,
            "temperament": 10,
            "concept": "PAPERWORK",
            "conditions": [],
            "items": [
                9,
                22,
                5,
                21,
                3304,
                14,
                2
            ],
            "money": 1,
            "willpower": 0,
            "bounty": 1,
            "relative_conditions": {},
            "tattoo": null,
            "crafted_before": [
                10127,
                10117
            ]
        },
        "Seventeen": {
            "name": "Seventeen",
            "progress_dict": {
                "101": 5,
                "102": 5,
                "125": 10,
                "137": 5,
                "138": 5,
                "126": 10,
                "501": 5,
                "515": 5,
                "107": 5,
                "108": 5,
                "516": 1,
                "103": 3
            },
            "dev_plan": [
                143
            ],
            "academics": 2.1,
            "temperament": 1,
            "concept": null,
            "conditions": [
                2,
                1
            ],
            "items": [],
            "money": 1,
            "willpower": 0,
            "bounty": 0,
            "relative_conditions": {},
            "tattoo": null,
            "crafted_before": []
        },
        "Swift-Sama": {
            "name": "Swift-Sama",
            "progress_dict": {
                "101": 5,
                "102": 5,
                "122": 5,
                "123": 10,
                "125": 10,
                "126": 10,
                "124": 5
            },
            "dev_plan": [
                124,
                201,
                202,
                217
            ],
            "academics": 1,
            "temperament": 1,
            "concept": null,
            "conditions": [
                107,
                15,
                2,
                1
            ],
            "items": [],
            "money": 1,
            "willpower": 0,
            "bounty": 0,
            "relative_conditions": {},
            "tattoo": null,
            "crafted_before": []
        },
        "Teyao": {
            "name": "Teyao",
            "progress_dict": {
                "306": 5,
                "5501": 10,
                "5502": 5,
                "5503": 10,
                "501": 5,
                "502": 5,
                "512": 5,
                "401": 5,
                "514": 1
            },
            "dev_plan": [
                514,
                404,
                503,
                405
            ],
            "academics": 0,
            "temperament": 2,
            "concept": "TORCH",
            "conditions": [
                2,
                1
            ],
            "items": [],
            "money": 1,
            "willpower": 0,
            "bounty": 0,
            "relative_conditions": {},
            "tattoo": null,
            "crafted_before": []
        },
        "Witherbrine26": {
            "name": "Witherbrine26",
            "progress_dict": {
                "401": 5,
                "404": 5,
                "406": 10,
                "501": 5,
                "512": 5,
                "514": 3
            },
            "dev_plan": [
                514,
                502
            ],
            "academics": 0,
            "temperament": 2,
            "concept": null,
            "conditions": [
                2,
                1
            ],
            "items": [],
            "money": 1,
            "willpower": 0,
            "bounty": 0,
            "relative_conditions": {},
            "tattoo": null,
            "crafted_before": []
        }
    },
    "automata": {}
}