{
    "turn": 10,
    "night": false,
    "seed": 39587,
    "remaining": [
        "boyboy180",
        "Comrade",
        "Quaestor"
    ],
    "events": [],
    "players": {
        "23Starman": {
            "name": "23Starman",
            "progress_dict": {
                "101": 5,
                "132": 5,
                "133": 10,
                "401": 5,
                "402": 5,
                "404": 5,
                "405": 10,
                "501": 5,
                "403": 1
            },
            "dev_plan": [
                403,
                102,
                406,
                127
            ],
            "academics": 0,
            "temperament": 2,
            "concept": null,
            "conditions": [
                97,
                2,
                1
            ],
            "items": [],
            "money": 1,
            "willpower": 0,
            "bounty": 0,
            "relative_conditions": {},
            "tattoo": null,
            "crafted_before": []
        },
        "BlackLemonAde": {
            "name": "BlackLemonAde",
            "progress_dict": {
                "201": 5,
                "202": 5,
                "217": 5,
                "218": 5,
                "401": 5,
                "408": 5,
                "203": 5,
                "229": 5,
                "231": 5,
                "220": 1,
                "101": 5,
                "132": 5,
                "204": 5,
                "239": 1
            },
            "dev_plan": [
                239
            ],
            "academics": 0,
            "temperament": 2,
            "concept": null,
            "conditions": [
                114,
                114,
                2,
                18,
                1
            ],
            "items": [],
            "money": 7,
            "willpower": 4,
            "bounty": 0,
            "relative_conditions": {},
            "tattoo": null,
            "crafted_before": []
        },
        "boyboy180": {
            "name": "boyboy180",
            "progress_dict": {
                "101": 5,
                "122": 5,
                "125": 10,
                "306": 5,
                "2701": 10,
                "102": 5,
                "103": 5,
                "2702": 10,
                "2703": 7
            },
            "dev_plan": [
                2703,
                2704
            ],
            "academics": 2,
            "temperament": 1,
            "concept": "EDIFICE",
            "conditions": [
                77,
                77
            ],
            "items": [
                14,
                14,
                14,
                7,
                9
            ],
            "money": 2,
            "willpower": 0,
            "bounty": 1,
            "relative_conditions": {},
            "tattoo": null,
            "crafted_before": []
        },
        "Darkpiplumon": {
            "name": "Darkpiplumon",
            "progress_dict": {
                "101": 5,
                "117": 5,
                "501": 5,
                "512": 5,
                "1701": 10,
                "502": 5,
                "514": 1
            },
            "dev_plan": [
                514,
                503,
                1702,
                1703
            ],
            "academics": 0,
            "temperament": 2,
            "concept": "HARUSPEX",
            "conditions": [
                2,
                1
            ],
            "items": [],
            "money": 3,
            "willpower": 0,
            "bounty": 0,
            "relative_conditions": {},
            "tattoo": null,
            "crafted_before": []
        },
        "Dragonlord7": {
            "name": "Dragonlord7",
            "progress_dict": {
                "101": 5,
                "102": 5,
                "117": 5,
                "127": 5,
                "139": 10,
                "401": 5,
                "404": 5,
                "405": 10,
                "128": 9
            },
            "dev_plan": [
                128,
                103,
                110,
                129,
                104,
                406
            ],
            "academics": 0,
            "temperament": 2,
            "concept": null,
            "conditions": [
                2,
                1
            ],
            "items": [],
            "money": 1,
            "willpower": 0,
            "bounty": 0,
            "relative_conditions": {},
            "tattoo": null,
            "crafted_before": []
        },
        "Lord of Chromius": {
            "name": "Lord of Chromius",
            "progress_dict": {
                "201": 5,
                "202": 5,
                "213": 10,
                "216": 10
            },
            "dev_plan": [
                220,
                203,
                217,
                214
            ],
            "academics": 0,
            "temperament": 7,
            "concept": null,
            "conditions": [
                2,
                1
            ],
            "items": [],
            "money": 3,
            "willpower": 3,
            "bounty": 0,
            "relative_conditions": {},
            "tattoo": null,
            "crafted_before": []
        },
        "M3mentoMori": {
            "name": "M3mentoMori",
            "progress_dict": {
                "2201": 10,
                "2202": 10,
                "2203": 10,
                "2204": 6
            },
            "dev_plan": [
                2204,
                101,
                122,
                123,
                2205,
                102
            ],
            "academics": 0,
            "temperament": 2,
            "concept": "HORN",
            "conditions": [
                78,
                79,
                107,
                2,
                1
            ],
            "items": [],
            "money": 1,
            "willpower": 0,
            "bounty": 0,
            "relative_conditions": {},
            "tattoo": null,
            "crafted_before": []
        },
        "Megaolix": {
            "name": "Megaolix",
            "progress_dict": {
                "401": 5,
                "404": 5,
                "405": 10,
                "501": 5,
                "512": 5,
                "514": 5,
                "406": 10,
                "502": 5,
                "101": 3
            },
            "dev_plan": [
                101,
                117
            ],
            "academics": 0,
            "temperament": 2,
            "concept": null,
            "conditions": [
                18,
                1
            ],
            "items": [],
            "money": 7,
            "willpower": 0,
            "bounty": 0,
            "relative_conditions": {},
            "tattoo": null,
            "crafted_before": []
        },
        "Paradosi": {
            "name": "Paradosi",
            "progress_dict": {
                "101": 5,
                "132": 5,
                "133": 10,
                "134": 20,
                "135": 10,
                "102": 5,
                "103": 5,
                "501": 5,
                "136": 10,
                "104": 5,
                "111": 10,
                "114": 5,
                "115": 10
            },
            "dev_plan": [
                502,
                509
            ],
            "academics": 0,
            "temperament": 3,
            "concept": null,
            "conditions": [
                97,
                114,
                114,
                114,
                2,
                1
            ],
            "items": [],
            "money": 12,
            "willpower": 0,
            "bounty": 0,
            "relative_conditions": {},
            "tattoo": null,
            "crafted_before": []
        },
        "Papa Loa": {
            "name": "Papa Loa",
            "progress_dict": {
                "201": 5,
                "235": 10,
                "306": 5,
                "2801": 10,
                "236": 10,
                "2802": 10,
                "202": 5,
                "237": 5
            },
            "dev_plan": [
                237,
                2803,
                213,
                216,
                222
            ],
            "academics": 0,
            "temperament": 4,
            "concept": "AUGUR",
            "conditions": [
                2,
                1
            ],
            "items": [
                23
            ],
            "money": 6,
            "willpower": 2,
            "bounty": 0,
            "relative_conditions": {},
            "tattoo": null,
            "crafted_before": [
                23,
                8,
                22
            ]
        },
        "RyoAtemi": {
            "name": "RyoAtemi",
            "progress_dict": {
                "306": 5,
                "501": 5,
                "502": 5,
                "507": 10,
                "510": 5,
                "2601": 10,
                "508": 5,
                "2602": 10,
                "503": 5,
                "201": 5,
                "521": 5,
                "401": 5,
                "509": 5
            },
            "dev_plan": [
                509,
                511,
                2603,
                2604
            ],
            "academics": 0,
            "temperament": 9,
            "concept": "BEFOULMENT",
            "conditions": [
                2,
                1
            ],
            "items": [],
            "money": 3,
            "willpower": 3,
            "bounty": 0,
            "relative_conditions": {},
            "tattoo": null,
            "crafted_before": []
        },
        "Seventeen": {
            "name": "Seventeen",
            "progress_dict": {
                "401": 5,
                "402": 5,
                "501": 5,
                "512": 5,
                "513": 10,
                "514": 5,
                "502": 5
            },
            "dev_plan": [
                404,
                505,
                405
            ],
            "academics": 0,
            "temperament": 9,
            "concept": null,
            "conditions": [
                107,
                2,
                1
            ],
            "items": [],
            "money": 4,
            "willpower": 0,
            "bounty": 0,
            "relative_conditions": {},
            "tattoo": null,
            "crafted_before": []
        },
        "Teyao": {
            "name": "Teyao",
            "progress_dict": {
                "101": 5,
                "102": 5,
                "132": 5,
                "133": 10,
                "135": 10,
                "136": 10,
                "103": 5,
                "134": 12
            },
            "dev_plan": [
                134
            ],
            "academics": 0,
            "temperament": 9,
            "concept": null,
            "conditions": [
                2,
                1
            ],
            "items": [],
            "money": 2,
            "willpower": 0,
            "bounty": 0,
            "relative_conditions": {},
            "tattoo": null,
            "crafted_before": []
        },
        "Witherbrine26": {
            "name": "Witherbrine26",
            "progress_dict": {
                "501": 5,
                "502": 5,
                "503": 5,
                "504": 10,
                "505": 10,
                "506": 8,
                "519": 5
            },
            "dev_plan": [
                506,
                512
            ],
            "academics": 2,
            "temperament": 7,
            "concept": null,
            "conditions": [
                2,
                1
            ],
            "items": [],
            "money": 5,
            "willpower": 0,
            "bounty": 0,
            "relative_conditions": {
                "Paradosi": [
                    25
                ],
                "Seventeen": [
                    25
                ],
                "Teyao": [
                    25
                ]
            },
            "tattoo": null,
            "crafted_before": []
        },
        "Apple": {
            "name": "Apple",
            "progress_dict": {
                "201": 5,
                "222": 5,
                "223": 10,
                "229": 5,
                "231": 5
            },
            "dev_plan": [
                202,
                203,
                204,
                239
            ],
            "academics": 1,
            "temperament": 2,
            "concept": null,
            "conditions": [
                2,
                1
            ],
            "items": [],
            "money": 3,
            "willpower": 1,
            "bounty": 0,
            "relative_conditions": {},
            "tattoo": null,
            "crafted_before": []
        },
        "Comrade": {
            "name": "Comrade",
            "progress_dict": {
                "2301": 10,
                "2302": 10,
                "2303": 10,
                "501": 5,
                "502": 3,
                "2304": 10,
                "101": 5,
                "127": 5,
                "128": 10,
                "102": 0,
                "2305": 10,
                "130": 10
            },
            "dev_plan": [
                102,
                132
            ],
            "academics": 2,
            "temperament": 5,
            "concept": "SNAIL",
            "conditions": [
                2
            ],
            "items": [
                16,
                1,
                10,
                9,
                1,
                4
            ],
            "money": 4,
            "willpower": 0,
            "bounty": 1,
            "relative_conditions": {},
            "tattoo": null,
            "crafted_before": []
        },
        "Liquid": {
            "name": "Liquid",
            "progress_dict": {
                "501": 5,
                "502": 5,
                "515": 5,
                "516": 5,
                "517": 5,
                "519": 5
            },
            "dev_plan": [
                521,
                505,
                506
            ],
            "academics": 0,
            "temperament": 7,
            "concept": null,
            "conditions": [
                2,
                1
            ],
            "items": [],
            "money": 3,
            "willpower": 0,
            "bounty": 0,
            "relative_conditions": {},
            "tattoo": null,
            "crafted_before": []
        },
        "Quaestor": {
            "name": "Quaestor",
            "progress_dict": {
                "401": 5,
                "402": 5,
                "409": 10,
                "410": 10,
                "408": 5,
                "403": 5,
                "404": 5,
                "101": 5
            },
            "dev_plan": [
                117,
                102
            ],
            "academics": 2,
            "temperament": 8,
            "concept": null,
            "conditions": [],
            "items": [
                6,
                2,
                9,
                16,
                14,
                2
            ],
            "money": 7,
            "willpower": 0,
            "bounty": 1,
            "relative_conditions": {},
            "tattoo": null,
            "crafted_before": []
        },
        "Teeter": {
            "name": "Teeter",
            "progress_dict": {
                "101": 5,
                "130": 10,
                "135": 10,
                "137": 5,
                "401": 5,
                "404": 5,
                "405": 9
            },
            "dev_plan": [
                405,
                402,
                403,
                102,
                132
            ],
            "academics": 1,
            "temperament": 3,
            "concept": null,
            "conditions": [
                107,
                18,
                2,
                18,
                1
            ],
            "items": [],
            "money": 0,
            "willpower": 0,
            "bounty": 0,
            "relative_conditions": {},
            "tattoo": null,
            "crafted_before": []
        },
        "Zippy": {
            "name": "Zippy",
            "progress_dict": {
                "201": 5,
                "232": 5,
                "233": 10,
                "1601": 10,
                "1602": 5,
                "202": 3
            },
            "dev_plan": [
                202,
                203,
                220,
                229,
                230,
                221
            ],
            "academics": 1,
            "temperament": 9,
            "concept": "ECLIPSE",
            "conditions": [
                2,
                1
            ],
            "items": [],
            "money": 4,
            "willpower": 0,
            "bounty": 0,
            "relative_conditions": {},
            "tattoo": null,
            "crafted_before": []
        }
    },
    "automata": {}
}