{
    "turn": 10,
    "night": false,
    "seed": 22620,
    "remaining": [
        "23Starman",
        "BlackLemonAde",
        "DarkPiplumon",
        "hotmonkey1",
        "NTKV",
        "Paradosi",
        "RyoAtemi",
        "Teyao",
        "Touch Dom"
    ],
    "events": [],
    "players": {
        "23Starman": {
            "name": "23Starman",
            "progress_dict": {
                "201": 5,
                "202": 5,
                "203": 5,
                "204": 5,
                "206": 10,
                "207": 5,
                "205": 5,
                "210": 10,
                "220": 4
            },
            "dev_plan": [
                220,
                232
            ],
            "academics": 2,
            "temperament": 3,
            "concept": null,
            "conditions": [
                2,
                59
            ],
            "items": [],
            "money": 7,
            "willpower": 2,
            "bounty": 0,
            "relative_conditions": {},
            "tattoo": null,
            "crafted_before": []
        },
        "Armstrong": {
            "name": "Armstrong",
            "progress_dict": {
                "101": 5,
                "102": 5,
                "113": 10,
                "145": 10,
                "132": 5,
                "114": 5,
                "115": 10,
                "201": 1
            },
            "dev_plan": [
                201,
                222,
                223
            ],
            "academics": 3,
            "temperament": 7,
            "concept": null,
            "conditions": [
                2,
                101,
                96,
                1
            ],
            "items": [],
            "money": 4,
            "willpower": 0,
            "bounty": 0,
            "relative_conditions": {},
            "tattoo": null,
            "crafted_before": [
                10145
            ]
        },
        "anemone": {
            "name": "anemone",
            "progress_dict": {
                "501": 5,
                "502": 5,
                "503": 5,
                "507": 10,
                "508": 5
            },
            "dev_plan": [
                101,
                401,
                510,
                201
            ],
            "academics": 0,
            "temperament": 8,
            "concept": null,
            "conditions": [
                101,
                96,
                2,
                1
            ],
            "items": [],
            "money": 3,
            "willpower": 0,
            "bounty": 0,
            "relative_conditions": {},
            "tattoo": null,
            "crafted_before": []
        },
        "Axeorthedark": {
            "name": "Axeorthedark",
            "progress_dict": {
                "306": 5,
                "501": 5,
                "502": 5,
                "521": 5,
                "3601": 10,
                "523": 5,
                "522": 4
            },
            "dev_plan": [
                522,
                503,
                516,
                510,
                512,
                514,
                511
            ],
            "academics": 1,
            "temperament": 5,
            "concept": "STIFLE",
            "conditions": [
                2,
                1
            ],
            "items": [],
            "money": 4,
            "willpower": 0,
            "bounty": 0,
            "relative_conditions": {
                "RyoAtemi": []
            },
            "tattoo": null,
            "crafted_before": []
        },
        "BlackLemonAde": {
            "name": "BlackLemonAde",
            "progress_dict": {
                "1401": 10,
                "1402": 5,
                "1403": 10,
                "1404": 5,
                "101": 5,
                "127": 5,
                "102": 5,
                "401": 5,
                "404": 5,
                "406": 10,
                "111": 3
            },
            "dev_plan": [
                111
            ],
            "academics": 1,
            "temperament": 5,
            "concept": "ENVY",
            "conditions": [
                77,
                21,
                103,
                101,
                96,
                101,
                96,
                21,
                103,
                101,
                96
            ],
            "items": [
                9,
                2
            ],
            "money": 4,
            "willpower": 0,
            "bounty": 1,
            "relative_conditions": {},
            "tattoo": null,
            "crafted_before": []
        },
        "DarkPiplumon": {
            "name": "DarkPiplumon",
            "progress_dict": {
                "501": 5,
                "502": 5,
                "507": 10,
                "508": 5,
                "512": 5,
                "401": 5,
                "503": 5,
                "514": 5,
                "101": 5,
                "404": 5,
                "102": 5,
                "117": 5,
                "122": 5,
                "125": 10,
                "406": 10,
                "201": 5,
                "103": 5,
                "114": 5,
                "202": 5,
                "408": 5,
                "222": 5,
                "135": 10,
                "111": 10,
                "132": 5,
                "127": 5,
                "104": 5,
                "402": 5,
                "229": 5,
                "145": 3
            },
            "dev_plan": [
                145
            ],
            "academics": 1,
            "temperament": 2,
            "concept": null,
            "conditions": [
                100,
                101,
                96
            ],
            "items": [
                2,
                9,
                14,
                1201,
                27,
                1
            ],
            "money": 6,
            "willpower": 4,
            "bounty": 1,
            "relative_conditions": {},
            "tattoo": null,
            "crafted_before": []
        },
        "Dragonlord7": {
            "name": "Dragonlord7",
            "progress_dict": {
                "201": 5,
                "235": 10,
                "236": 10,
                "501": 5,
                "237": 10,
                "202": 5,
                "203": 5,
                "204": 5,
                "229": 5,
                "230": 10,
                "205": 5,
                "220": 10,
                "222": 5,
                "225": 8
            },
            "dev_plan": [
                225,
                226
            ],
            "academics": 1.1,
            "temperament": 10,
            "concept": null,
            "conditions": [
                100,
                100,
                101,
                96,
                2,
                1
            ],
            "items": [
                23,
                18
            ],
            "money": 1,
            "willpower": 6,
            "bounty": 0,
            "relative_conditions": {},
            "tattoo": null,
            "crafted_before": [
                23,
                22,
                9,
                1201,
                28,
                12,
                10,
                14,
                15,
                18,
                24,
                6,
                11,
                8,
                27,
                25,
                1,
                5,
                16
            ]
        },
        "hotmonkey1": {
            "name": "hotmonkey1",
            "progress_dict": {
                "101": 5,
                "102": 5,
                "103": 5,
                "122": 5,
                "123": 10,
                "124": 15,
                "401": 5,
                "104": 5,
                "111": 10,
                "408": 5,
                "114": 0,
                "402": 5,
                "403": 4
            },
            "dev_plan": [
                403
            ],
            "academics": 3,
            "temperament": 7,
            "concept": null,
            "conditions": [
                2
            ],
            "items": [
                5
            ],
            "money": 1,
            "willpower": 0,
            "bounty": 1,
            "relative_conditions": {},
            "tattoo": null,
            "crafted_before": []
        },
        "Lord of Chromius": {
            "name": "Lord of Chromius",
            "progress_dict": {
                "101": 5,
                "102": 5,
                "103": 5,
                "117": 5,
                "127": 5,
                "128": 10,
                "107": 5,
                "108": 5,
                "130": 10,
                "104": 3,
                "401": 5
            },
            "dev_plan": [
                104,
                129,
                140
            ],
            "academics": 4,
            "temperament": 7,
            "concept": null,
            "conditions": [
                114,
                114,
                114,
                15,
                2,
                1
            ],
            "items": [],
            "money": 6,
            "willpower": 0,
            "bounty": 0,
            "relative_conditions": {},
            "tattoo": null,
            "crafted_before": []
        },
        "Megaolix": {
            "name": "Megaolix",
            "progress_dict": {
                "201": 5,
                "229": 5,
                "230": 10,
                "306": 5,
                "4901": 10,
                "202": 5,
                "217": 5,
                "203": 5,
                "218": 5,
                "240": 5,
                "204": 5,
                "232": 5,
                "205": 2,
                "220": 5
            },
            "dev_plan": [
                220,
                205,
                206,
                207,
                241,
                221
            ],
            "academics": 2,
            "temperament": 4,
            "concept": "BUREAUCRACY",
            "conditions": [
                101,
                96,
                2,
                1
            ],
            "items": [],
            "money": 7,
            "willpower": 0,
            "bounty": 0,
            "relative_conditions": {},
            "tattoo": null,
            "crafted_before": []
        },
        "NTKV": {
            "name": "NTKV",
            "progress_dict": {
                "101": 5,
                "122": 5,
                "123": 10,
                "124": 15,
                "102": 5,
                "103": 5,
                "114": 5,
                "116": 10,
                "117": 5,
                "104": 5,
                "139": 10,
                "111": 9
            },
            "dev_plan": [
                111
            ],
            "academics": 0,
            "temperament": 9,
            "concept": null,
            "conditions": [
                15,
                2,
                101,
                96,
                101,
                96,
                101,
                96,
                101,
                96
            ],
            "items": [
                2401,
                10
            ],
            "money": 7,
            "willpower": 0,
            "bounty": 3,
            "relative_conditions": {},
            "tattoo": 10124,
            "crafted_before": []
        },
        "Paradosi": {
            "name": "Paradosi",
            "progress_dict": {
                "306": 5,
                "401": 5,
                "404": 5,
                "408": 5,
                "2601": 10,
                "402": 5,
                "403": 5,
                "405": 10,
                "501": 5,
                "2602": 10,
                "502": 5,
                "503": 5,
                "509": 10,
                "512": 5,
                "514": 5,
                "510": 0
            },
            "dev_plan": [
                510,
                406
            ],
            "academics": 2,
            "temperament": 2,
            "concept": "BEFOULMENT",
            "conditions": [],
            "items": [
                9,
                2,
                8,
                22,
                9,
                6,
                15,
                15,
                11,
                8,
                1,
                16,
                10,
                7,
                9,
                3
            ],
            "money": 1,
            "willpower": 0,
            "bounty": 1,
            "relative_conditions": {},
            "tattoo": null,
            "crafted_before": []
        },
        "RyoAtemi": {
            "name": "RyoAtemi",
            "progress_dict": {
                "306": 5,
                "1301": 10,
                "1302": 10,
                "1304": 5,
                "101": 5,
                "127": 5,
                "128": 10,
                "102": 5,
                "129": 3
            },
            "dev_plan": [
                129,
                103
            ],
            "academics": 0,
            "temperament": 2,
            "concept": "ERODE",
            "conditions": [
                100,
                100,
                114,
                114,
                2
            ],
            "items": [
                9,
                2,
                5
            ],
            "money": 7,
            "willpower": 0,
            "bounty": 1,
            "relative_conditions": {},
            "tattoo": null,
            "crafted_before": []
        },
        "Seventeen": {
            "name": "Seventeen",
            "progress_dict": {
                "101": 5,
                "102": 5,
                "103": 5,
                "117": 5,
                "122": 5,
                "132": 5,
                "139": 10,
                "143": 10,
                "141": 10,
                "111": 10
            },
            "dev_plan": [
                104,
                127,
                140
            ],
            "academics": 0,
            "temperament": 2,
            "concept": null,
            "conditions": [
                97,
                114,
                114,
                114,
                114,
                101,
                96,
                2,
                1
            ],
            "items": [],
            "money": 6,
            "willpower": 0,
            "bounty": 0,
            "relative_conditions": {},
            "tattoo": null,
            "crafted_before": []
        },
        "Swift-Sama": {
            "name": "Swift-Sama",
            "progress_dict": {
                "306": 5,
                "401": 5,
                "4001": 10,
                "4002": 10,
                "4003": 10,
                "402": 5,
                "101": 5,
                "127": 5,
                "128": 10,
                "408": 2,
                "102": 5,
                "132": 3
            },
            "dev_plan": [
                132,
                135,
                103,
                144
            ],
            "academics": 0,
            "temperament": 3,
            "concept": "MIGRAINE",
            "conditions": [
                15,
                2,
                101,
                96,
                1
            ],
            "items": [],
            "money": 1,
            "willpower": 0,
            "bounty": 0,
            "relative_conditions": {},
            "tattoo": null,
            "crafted_before": []
        },
        "Tarro": {
            "name": "Tarro",
            "progress_dict": {
                "201": 5,
                "306": 5,
                "2001": 10,
                "2002": 10,
                "501": 5,
                "2003": 10,
                "222": 5,
                "2004": 10,
                "2005": 10,
                "232": 5,
                "202": 3
            },
            "dev_plan": [
                202,
                217,
                218,
                203,
                233,
                234,
                204
            ],
            "academics": 0,
            "temperament": 3,
            "concept": "PARADE",
            "conditions": [
                101,
                96,
                21,
                21,
                21,
                101,
                96,
                97,
                77,
                77,
                77,
                21,
                103,
                2,
                21,
                103,
                1
            ],
            "items": [],
            "money": 16,
            "willpower": 2,
            "bounty": 0,
            "relative_conditions": {},
            "tattoo": null,
            "crafted_before": []
        },
        "Teyao": {
            "name": "Teyao",
            "progress_dict": {
                "101": 5,
                "102": 5,
                "122": 5,
                "127": 5,
                "401": 5,
                "409": 5,
                "1201": 10,
                "1202": 5,
                "1203": 0,
                "132": 5,
                "135": 10,
                "125": 10,
                "133": 10,
                "103": 5,
                "136": 10,
                "113": 10,
                "201": 5,
                "222": 5,
                "202": 5,
                "225": 10,
                "229": 5,
                "203": 5,
                "240": 5,
                "226": 10
            },
            "dev_plan": [],
            "academics": 3,
            "temperament": 1,
            "concept": "PAPERWORK",
            "conditions": [
                97,
                101,
                96,
                101,
                96,
                101,
                96,
                101,
                96,
                2,
                101,
                96
            ],
            "items": [],
            "money": 7,
            "willpower": 5,
            "bounty": 1,
            "relative_conditions": {},
            "tattoo": null,
            "crafted_before": []
        },
        "Touch Dom": {
            "name": "Touch Dom",
            "progress_dict": {
                "101": 5,
                "117": 5,
                "120": 10,
                "501": 5,
                "512": 5,
                "102": 5,
                "111": 10,
                "514": 5,
                "502": 5,
                "513": 10,
                "103": 5,
                "122": 1
            },
            "dev_plan": [
                122,
                118
            ],
            "academics": 0,
            "temperament": 2,
            "concept": null,
            "conditions": [],
            "items": [
                2,
                1201
            ],
            "money": 4,
            "willpower": 0,
            "bounty": 1,
            "relative_conditions": {},
            "tattoo": null,
            "crafted_before": []
        },
        "Witherbrine26": {
            "name": "Witherbrine26",
            "progress_dict": {
                "101": 5,
                "102": 5,
                "125": 10,
                "126": 10,
                "137": 5,
                "138": 5,
                "501": 5,
                "135": 10,
                "136": 10,
                "113": 0
            },
            "dev_plan": [
                113,
                201,
                232,
                233
            ],
            "academics": 0,
            "temperament": 1,
            "concept": null,
            "conditions": [
                100,
                101,
                96,
                101,
                96,
                114,
                114,
                114,
                15,
                2,
                1
            ],
            "items": [],
            "money": 31,
            "willpower": 0,
            "bounty": 0,
            "relative_conditions": {},
            "tattoo": null,
            "crafted_before": []
        },
        "Zeal Iskander": {
            "name": "Zeal Iskander",
            "progress_dict": {
                "501": 5,
                "502": 5,
                "515": 5,
                "516": 5,
                "517": 5,
                "519": 5,
                "520": 5,
                "521": 5,
                "523": 1
            },
            "dev_plan": [
                523
            ],
            "academics": 3,
            "temperament": 9,
            "concept": null,
            "conditions": [
                101,
                96,
                114,
                114,
                114,
                114,
                101,
                96,
                2,
                1
            ],
            "items": [],
            "money": 9,
            "willpower": 0,
            "bounty": 0,
            "relative_conditions": {},
            "tattoo": null,
            "crafted_before": []
        }
    },
    "automata": {}
}