{
    "turn": 2,
    "night": true,
    "seed": 22620,
    "remaining": [
        "23Starman",
        "Armstrong",
        "Axeorthedark",
        "BlackLemonAde",
        "DarkPiplumon",
        "Dragonlord7",
        "hotmonkey1",
        "Lord of Chromius",
        "Megaolix",
        "NTKV",
        "Paradosi",
        "RyoAtemi",
        "Seventeen",
        "Swift-Sama",
        "Tarro",
        "Teyao",
        "Touch Dom",
        "Witherbrine26",
        "Zeal Iskander"
    ],
    "events": [
        [
            5,
            false,
            120,
            "Axeorthedark",
            []
        ],
        [
            5,
            false,
            120,
            "BlackLemonAde",
            []
        ]
    ],
    "players": {
        "23Starman": {
            "name": "23Starman",
            "progress_dict": {
                "201": 5,
                "202": 5,
                "203": 5,
                "204": 5,
                "206": 10,
                "207": 5,
                "205": 1
            },
            "dev_plan": [
                205,
                220,
                232
            ],
            "academics": 0,
            "temperament": 3,
            "concept": null,
            "conditions": [
                2,
                59
            ],
            "items": [],
            "money": 3,
            "willpower": 9,
            "bounty": 0,
            "relative_conditions": {},
            "tattoo": null,
            "crafted_before": []
        },
        "Armstrong": {
            "name": "Armstrong",
            "progress_dict": {
                "101": 5,
                "102": 5,
                "113": 10,
                "145": 10,
                "132": 5,
                "114": 3
            },
            "dev_plan": [
                114,
                115
            ],
            "academics": 1,
            "temperament": 7,
            "concept": null,
            "conditions": [],
            "items": [
                25
            ],
            "money": 1,
            "willpower": 0,
            "bounty": 1,
            "relative_conditions": {},
            "tattoo": null,
            "crafted_before": []
        },
        "anemone": {
            "name": "anemone",
            "progress_dict": {
                "501": 5,
                "502": 5,
                "503": 5,
                "507": 10,
                "508": 5
            },
            "dev_plan": [
                101,
                401,
                510,
                201
            ],
            "academics": 0,
            "temperament": 8,
            "concept": null,
            "conditions": [
                101,
                96,
                2,
                1
            ],
            "items": [],
            "money": 3,
            "willpower": 0,
            "bounty": 0,
            "relative_conditions": {},
            "tattoo": null,
            "crafted_before": []
        },
        "Axeorthedark": {
            "name": "Axeorthedark",
            "progress_dict": {
                "306": 5,
                "501": 5,
                "502": 5,
                "521": 5,
                "3601": 10,
                "523": 5,
                "522": 4
            },
            "dev_plan": [
                522,
                505,
                3602
            ],
            "academics": 1,
            "temperament": 5,
            "concept": "STIFLE",
            "conditions": [],
            "items": [],
            "money": 4,
            "willpower": 0,
            "bounty": 1,
            "relative_conditions": {
                "RyoAtemi": [
                    137
                ]
            },
            "tattoo": null,
            "crafted_before": []
        },
        "BlackLemonAde": {
            "name": "BlackLemonAde",
            "progress_dict": {
                "1401": 10,
                "1402": 5,
                "1403": 10,
                "1404": 5,
                "101": 3
            },
            "dev_plan": [
                101,
                127,
                128
            ],
            "academics": 0,
            "temperament": 5,
            "concept": "ENVY",
            "conditions": [
                77,
                77
            ],
            "items": [
                9
            ],
            "money": 3,
            "willpower": 0,
            "bounty": 1,
            "relative_conditions": {},
            "tattoo": null,
            "crafted_before": []
        },
        "DarkPiplumon": {
            "name": "DarkPiplumon",
            "progress_dict": {
                "501": 5,
                "502": 5,
                "507": 10,
                "508": 5,
                "512": 5,
                "401": 5,
                "503": 5,
                "514": 0,
                "101": 5
            },
            "dev_plan": [
                514,
                404,
                102
            ],
            "academics": 0,
            "temperament": 2,
            "concept": null,
            "conditions": [
                2
            ],
            "items": [
                2,
                9
            ],
            "money": 4,
            "willpower": 0,
            "bounty": 1,
            "relative_conditions": {},
            "tattoo": null,
            "crafted_before": []
        },
        "Dragonlord7": {
            "name": "Dragonlord7",
            "progress_dict": {
                "201": 5,
                "235": 10,
                "236": 10,
                "501": 5,
                "237": 10,
                "202": 5,
                "203": 5,
                "204": 5,
                "229": 3
            },
            "dev_plan": [
                229,
                230,
                222,
                225,
                226
            ],
            "academics": 0.1,
            "temperament": 10,
            "concept": null,
            "conditions": [
                100,
                100
            ],
            "items": [
                23,
                22,
                10,
                1201,
                9
            ],
            "money": 4,
            "willpower": 5,
            "bounty": 1,
            "relative_conditions": {},
            "tattoo": null,
            "crafted_before": [
                23,
                22,
                9,
                1201,
                28,
                12,
                10
            ]
        },
        "hotmonkey1": {
            "name": "hotmonkey1",
            "progress_dict": {
                "101": 5,
                "102": 5,
                "103": 5,
                "122": 5,
                "123": 10,
                "124": 15,
                "401": 1
            },
            "dev_plan": [
                401,
                104,
                132,
                127,
                105,
                128,
                106
            ],
            "academics": 2,
            "temperament": 7,
            "concept": null,
            "conditions": [],
            "items": [],
            "money": 5,
            "willpower": 0,
            "bounty": 1,
            "relative_conditions": {},
            "tattoo": null,
            "crafted_before": []
        },
        "Lord of Chromius": {
            "name": "Lord of Chromius",
            "progress_dict": {
                "101": 5,
                "102": 5,
                "103": 5,
                "117": 5,
                "127": 5,
                "128": 10,
                "107": 5,
                "108": 0
            },
            "dev_plan": [
                108,
                130,
                140
            ],
            "academics": 1,
            "temperament": 7,
            "concept": null,
            "conditions": [],
            "items": [
                9,
                8
            ],
            "money": 2,
            "willpower": 0,
            "bounty": 1,
            "relative_conditions": {},
            "tattoo": null,
            "crafted_before": []
        },
        "Megaolix": {
            "name": "Megaolix",
            "progress_dict": {
                "201": 5,
                "229": 5,
                "230": 10,
                "306": 5,
                "4901": 10,
                "202": 5,
                "217": 5,
                "203": 4
            },
            "dev_plan": [
                203,
                218,
                240
            ],
            "academics": 0,
            "temperament": 4,
            "concept": "BUREAUCRACY",
            "conditions": [],
            "items": [
                9,
                1201
            ],
            "money": 3,
            "willpower": 4,
            "bounty": 1,
            "relative_conditions": {},
            "tattoo": null,
            "crafted_before": []
        },
        "NTKV": {
            "name": "NTKV",
            "progress_dict": {
                "101": 5,
                "122": 5,
                "123": 10,
                "124": 15,
                "102": 3
            },
            "dev_plan": [
                102,
                103,
                114,
                116
            ],
            "academics": 0,
            "temperament": 9,
            "concept": null,
            "conditions": [
                15,
                2
            ],
            "items": [],
            "money": 5,
            "willpower": 0,
            "bounty": 3,
            "relative_conditions": {},
            "tattoo": null,
            "crafted_before": []
        },
        "Paradosi": {
            "name": "Paradosi",
            "progress_dict": {
                "306": 5,
                "401": 5,
                "404": 5,
                "408": 5,
                "2601": 10,
                "402": 5,
                "403": 4
            },
            "dev_plan": [
                403,
                405
            ],
            "academics": 0,
            "temperament": 2,
            "concept": "BEFOULMENT",
            "conditions": [],
            "items": [
                1,
                5
            ],
            "money": 3,
            "willpower": 0,
            "bounty": 1,
            "relative_conditions": {},
            "tattoo": null,
            "crafted_before": []
        },
        "RyoAtemi": {
            "name": "RyoAtemi",
            "progress_dict": {
                "306": 5,
                "1301": 10,
                "1302": 10,
                "1304": 5,
                "101": 5,
                "127": 5,
                "128": 1
            },
            "dev_plan": [
                128,
                102,
                129,
                103
            ],
            "academics": 0,
            "temperament": 2,
            "concept": "ERODE",
            "conditions": [
                100
            ],
            "items": [
                9,
                2401
            ],
            "money": 3,
            "willpower": 0,
            "bounty": 1,
            "relative_conditions": {},
            "tattoo": null,
            "crafted_before": []
        },
        "Seventeen": {
            "name": "Seventeen",
            "progress_dict": {
                "101": 5,
                "102": 5,
                "103": 5,
                "117": 5,
                "122": 5,
                "132": 5,
                "139": 10,
                "143": 10,
                "141": 6
            },
            "dev_plan": [
                141
            ],
            "academics": 0,
            "temperament": 2,
            "concept": null,
            "conditions": [
                97
            ],
            "items": [
                8,
                10,
                10
            ],
            "money": 4,
            "willpower": 0,
            "bounty": 1,
            "relative_conditions": {},
            "tattoo": null,
            "crafted_before": []
        },
        "Swift-Sama": {
            "name": "Swift-Sama",
            "progress_dict": {
                "306": 5,
                "401": 5,
                "4001": 10,
                "4002": 10,
                "4003": 9
            },
            "dev_plan": [
                4003,
                402,
                408,
                410,
                404
            ],
            "academics": 0,
            "temperament": 3,
            "concept": "MIGRAINE",
            "conditions": [],
            "items": [
                2401,
                9,
                1201
            ],
            "money": 1,
            "willpower": 0,
            "bounty": 1,
            "relative_conditions": {},
            "tattoo": null,
            "crafted_before": []
        },
        "Tarro": {
            "name": "Tarro",
            "progress_dict": {
                "201": 5,
                "306": 5,
                "2001": 10,
                "2002": 10,
                "501": 5,
                "2003": 10
            },
            "dev_plan": [
                2004,
                222,
                202,
                2005
            ],
            "academics": 0,
            "temperament": 3,
            "concept": "PARADE",
            "conditions": [
                77,
                77,
                77,
                101,
                96,
                2,
                77
            ],
            "items": [],
            "money": 6,
            "willpower": 3,
            "bounty": 1,
            "relative_conditions": {},
            "tattoo": null,
            "crafted_before": []
        },
        "Teyao": {
            "name": "Teyao",
            "progress_dict": {
                "101": 5,
                "102": 5,
                "122": 5,
                "127": 5,
                "401": 5,
                "409": 5,
                "1201": 10,
                "1202": 5,
                "1203": 5,
                "132": 5,
                "135": 10,
                "125": 10
            },
            "dev_plan": [
                144
            ],
            "academics": 0,
            "temperament": 1,
            "concept": "PAPERWORK",
            "conditions": [
                97
            ],
            "items": [
                1201
            ],
            "money": 3,
            "willpower": 0,
            "bounty": 1,
            "relative_conditions": {},
            "tattoo": null,
            "crafted_before": []
        },
        "Touch Dom": {
            "name": "Touch Dom",
            "progress_dict": {
                "101": 5,
                "117": 5,
                "120": 10,
                "501": 5,
                "512": 5,
                "102": 5,
                "111": 1
            },
            "dev_plan": [
                111,
                514,
                513
            ],
            "academics": 0,
            "temperament": 2,
            "concept": null,
            "conditions": [
                13,
                2,
                13
            ],
            "items": [
                2
            ],
            "money": 2,
            "willpower": 0,
            "bounty": 1,
            "relative_conditions": {},
            "tattoo": null,
            "crafted_before": []
        },
        "Witherbrine26": {
            "name": "Witherbrine26",
            "progress_dict": {
                "101": 5,
                "102": 5,
                "125": 10,
                "126": 10,
                "137": 5,
                "138": 5
            },
            "dev_plan": [
                501,
                135
            ],
            "academics": 0,
            "temperament": 1,
            "concept": null,
            "conditions": [
                100,
                2,
                101,
                96
            ],
            "items": [],
            "money": 5,
            "willpower": 0,
            "bounty": 1,
            "relative_conditions": {},
            "tattoo": null,
            "crafted_before": []
        },
        "Zeal Iskander": {
            "name": "Zeal Iskander",
            "progress_dict": {
                "501": 5,
                "502": 5,
                "515": 5,
                "516": 5,
                "517": 5,
                "519": 5,
                "520": 5
            },
            "dev_plan": [
                521,
                523,
                503
            ],
            "academics": 0,
            "temperament": 9,
            "concept": null,
            "conditions": [
                2
            ],
            "items": [],
            "money": 6,
            "willpower": 0,
            "bounty": 1,
            "relative_conditions": {},
            "tattoo": null,
            "crafted_before": []
        }
    },
    "automata": {}
}