{
    "turn": 4,
    "night": false,
    "seed": 22620,
    "remaining": [
        "23Starman",
        "Armstrong",
        "BlackLemonAde",
        "DarkPiplumon",
        "Dragonlord7",
        "hotmonkey1",
        "Lord of Chromius",
        "Megaolix",
        "NTKV",
        "Paradosi",
        "RyoAtemi",
        "Seventeen",
        "Swift-Sama",
        "Tarro",
        "Teyao",
        "Touch Dom",
        "Witherbrine26",
        "Zeal Iskander"
    ],
    "events": [
        [
            5,
            false,
            120,
            "Axeorthedark",
            []
        ],
        [
            5,
            false,
            120,
            "BlackLemonAde",
            []
        ]
    ],
    "players": {
        "23Starman": {
            "name": "23Starman",
            "progress_dict": {
                "201": 5,
                "202": 5,
                "203": 5,
                "204": 5,
                "206": 10,
                "207": 5,
                "205": 2
            },
            "dev_plan": [
                210,
                205,
                232
            ],
            "academics": 0,
            "temperament": 3,
            "concept": null,
            "conditions": [
                2,
                59
            ],
            "items": [],
            "money": 3,
            "willpower": 4,
            "bounty": 0,
            "relative_conditions": {},
            "tattoo": null,
            "crafted_before": []
        },
        "Armstrong": {
            "name": "Armstrong",
            "progress_dict": {
                "101": 5,
                "102": 5,
                "113": 10,
                "145": 10,
                "132": 5,
                "114": 5,
                "115": 10,
                "201": 1
            },
            "dev_plan": [
                201,
                222,
                223
            ],
            "academics": 3,
            "temperament": 7,
            "concept": null,
            "conditions": [],
            "items": [
                25
            ],
            "money": 2,
            "willpower": 0,
            "bounty": 1,
            "relative_conditions": {},
            "tattoo": null,
            "crafted_before": []
        },
        "anemone": {
            "name": "anemone",
            "progress_dict": {
                "501": 5,
                "502": 5,
                "503": 5,
                "507": 10,
                "508": 5
            },
            "dev_plan": [
                101,
                401,
                510,
                201
            ],
            "academics": 0,
            "temperament": 8,
            "concept": null,
            "conditions": [
                101,
                96,
                2,
                1
            ],
            "items": [],
            "money": 3,
            "willpower": 0,
            "bounty": 0,
            "relative_conditions": {},
            "tattoo": null,
            "crafted_before": []
        },
        "Axeorthedark": {
            "name": "Axeorthedark",
            "progress_dict": {
                "306": 5,
                "501": 5,
                "502": 5,
                "521": 5,
                "3601": 10,
                "523": 5,
                "522": 4
            },
            "dev_plan": [
                522,
                503,
                516,
                510,
                512,
                514,
                511
            ],
            "academics": 1,
            "temperament": 5,
            "concept": "STIFLE",
            "conditions": [
                2,
                1
            ],
            "items": [],
            "money": 4,
            "willpower": 0,
            "bounty": 0,
            "relative_conditions": {
                "RyoAtemi": []
            },
            "tattoo": null,
            "crafted_before": []
        },
        "BlackLemonAde": {
            "name": "BlackLemonAde",
            "progress_dict": {
                "1401": 10,
                "1402": 5,
                "1403": 10,
                "1404": 5,
                "101": 5,
                "127": 1
            },
            "dev_plan": [
                127,
                128
            ],
            "academics": 0,
            "temperament": 5,
            "concept": "ENVY",
            "conditions": [
                77
            ],
            "items": [
                9,
                2,
                1201
            ],
            "money": 0,
            "willpower": 0,
            "bounty": 1,
            "relative_conditions": {},
            "tattoo": null,
            "crafted_before": []
        },
        "DarkPiplumon": {
            "name": "DarkPiplumon",
            "progress_dict": {
                "501": 5,
                "502": 5,
                "507": 10,
                "508": 5,
                "512": 5,
                "401": 5,
                "503": 5,
                "514": 0,
                "101": 5,
                "404": 3,
                "102": 5,
                "117": 5
            },
            "dev_plan": [
                404,
                514
            ],
            "academics": 0,
            "temperament": 2,
            "concept": null,
            "conditions": [
                100
            ],
            "items": [
                2,
                9,
                10,
                10,
                1201,
                1201,
                1201,
                12
            ],
            "money": 1,
            "willpower": 0,
            "bounty": 1,
            "relative_conditions": {},
            "tattoo": null,
            "crafted_before": []
        },
        "Dragonlord7": {
            "name": "Dragonlord7",
            "progress_dict": {
                "201": 5,
                "235": 10,
                "236": 10,
                "501": 5,
                "237": 10,
                "202": 5,
                "203": 5,
                "204": 5,
                "229": 5,
                "230": 7,
                "205": 5
            },
            "dev_plan": [
                230,
                220,
                222,
                225,
                226
            ],
            "academics": 0.1,
            "temperament": 10,
            "concept": null,
            "conditions": [
                100,
                100
            ],
            "items": [
                23,
                22,
                10,
                9,
                14
            ],
            "money": 8,
            "willpower": 5,
            "bounty": 1,
            "relative_conditions": {},
            "tattoo": null,
            "crafted_before": [
                23,
                22,
                9,
                1201,
                28,
                12,
                10,
                14,
                15
            ]
        },
        "hotmonkey1": {
            "name": "hotmonkey1",
            "progress_dict": {
                "101": 5,
                "102": 5,
                "103": 5,
                "122": 5,
                "123": 10,
                "124": 15,
                "401": 5,
                "104": 5,
                "111": 3
            },
            "dev_plan": [
                111,
                117,
                105,
                118,
                120,
                114,
                115
            ],
            "academics": 2,
            "temperament": 7,
            "concept": null,
            "conditions": [],
            "items": [
                7
            ],
            "money": 1,
            "willpower": 0,
            "bounty": 1,
            "relative_conditions": {},
            "tattoo": null,
            "crafted_before": []
        },
        "Lord of Chromius": {
            "name": "Lord of Chromius",
            "progress_dict": {
                "101": 5,
                "102": 5,
                "103": 5,
                "117": 5,
                "127": 5,
                "128": 10,
                "107": 5,
                "108": 5,
                "130": 5
            },
            "dev_plan": [
                130,
                104,
                129,
                140
            ],
            "academics": 3,
            "temperament": 7,
            "concept": null,
            "conditions": [],
            "items": [
                9,
                8
            ],
            "money": 3,
            "willpower": 0,
            "bounty": 1,
            "relative_conditions": {},
            "tattoo": null,
            "crafted_before": []
        },
        "Megaolix": {
            "name": "Megaolix",
            "progress_dict": {
                "201": 5,
                "229": 5,
                "230": 10,
                "306": 5,
                "4901": 10,
                "202": 5,
                "217": 5,
                "203": 5,
                "218": 5,
                "240": 5,
                "204": 5,
                "232": 1
            },
            "dev_plan": [
                232
            ],
            "academics": 1,
            "temperament": 4,
            "concept": "BUREAUCRACY",
            "conditions": [],
            "items": [
                9,
                1201
            ],
            "money": 6,
            "willpower": 5,
            "bounty": 1,
            "relative_conditions": {},
            "tattoo": null,
            "crafted_before": []
        },
        "NTKV": {
            "name": "NTKV",
            "progress_dict": {
                "101": 5,
                "122": 5,
                "123": 10,
                "124": 15,
                "102": 5,
                "103": 5,
                "114": 2
            },
            "dev_plan": [
                114,
                116
            ],
            "academics": 0,
            "temperament": 9,
            "concept": null,
            "conditions": [
                15,
                2
            ],
            "items": [
                15
            ],
            "money": 1,
            "willpower": 0,
            "bounty": 3,
            "relative_conditions": {},
            "tattoo": null,
            "crafted_before": []
        },
        "Paradosi": {
            "name": "Paradosi",
            "progress_dict": {
                "306": 5,
                "401": 5,
                "404": 5,
                "408": 5,
                "2601": 10,
                "402": 5,
                "403": 5,
                "405": 8
            },
            "dev_plan": [
                405
            ],
            "academics": 0,
            "temperament": 2,
            "concept": "BEFOULMENT",
            "conditions": [],
            "items": [
                1,
                5,
                9,
                12,
                12
            ],
            "money": 5,
            "willpower": 0,
            "bounty": 1,
            "relative_conditions": {},
            "tattoo": null,
            "crafted_before": []
        },
        "RyoAtemi": {
            "name": "RyoAtemi",
            "progress_dict": {
                "306": 5,
                "1301": 10,
                "1302": 10,
                "1304": 5,
                "101": 5,
                "127": 5,
                "128": 10
            },
            "dev_plan": [
                102,
                129,
                103
            ],
            "academics": 0,
            "temperament": 2,
            "concept": "ERODE",
            "conditions": [
                100,
                100,
                2
            ],
            "items": [
                9,
                2401,
                2
            ],
            "money": 1,
            "willpower": 0,
            "bounty": 1,
            "relative_conditions": {},
            "tattoo": null,
            "crafted_before": []
        },
        "Seventeen": {
            "name": "Seventeen",
            "progress_dict": {
                "101": 5,
                "102": 5,
                "103": 5,
                "117": 5,
                "122": 5,
                "132": 5,
                "139": 10,
                "143": 10,
                "141": 9
            },
            "dev_plan": [
                141,
                104,
                127,
                142,
                144,
                140
            ],
            "academics": 0,
            "temperament": 2,
            "concept": null,
            "conditions": [
                97
            ],
            "items": [
                8,
                16,
                8,
                8,
                10
            ],
            "money": 1,
            "willpower": 0,
            "bounty": 1,
            "relative_conditions": {},
            "tattoo": null,
            "crafted_before": []
        },
        "Swift-Sama": {
            "name": "Swift-Sama",
            "progress_dict": {
                "306": 5,
                "401": 5,
                "4001": 10,
                "4002": 10,
                "4003": 10,
                "402": 4,
                "101": 5
            },
            "dev_plan": [
                402,
                408,
                410,
                404
            ],
            "academics": 0,
            "temperament": 3,
            "concept": "MIGRAINE",
            "conditions": [
                114,
                114,
                114,
                114
            ],
            "items": [
                2401,
                9,
                1201
            ],
            "money": 2,
            "willpower": 0,
            "bounty": 1,
            "relative_conditions": {},
            "tattoo": null,
            "crafted_before": []
        },
        "Tarro": {
            "name": "Tarro",
            "progress_dict": {
                "201": 5,
                "306": 5,
                "2001": 10,
                "2002": 10,
                "501": 5,
                "2003": 10,
                "222": 5,
                "2004": 10,
                "2005": 10
            },
            "dev_plan": [
                202
            ],
            "academics": 0,
            "temperament": 3,
            "concept": "PARADE",
            "conditions": [
                101,
                96,
                77,
                21,
                21,
                21,
                101,
                96,
                97,
                77,
                77,
                77,
                77
            ],
            "items": [
                12
            ],
            "money": 11,
            "willpower": 2,
            "bounty": 1,
            "relative_conditions": {},
            "tattoo": null,
            "crafted_before": []
        },
        "Teyao": {
            "name": "Teyao",
            "progress_dict": {
                "101": 5,
                "102": 5,
                "122": 5,
                "127": 5,
                "401": 5,
                "409": 5,
                "1201": 10,
                "1202": 5,
                "1203": 5,
                "132": 5,
                "135": 10,
                "125": 10,
                "133": 10,
                "103": 5,
                "136": 10,
                "113": 6
            },
            "dev_plan": [
                113
            ],
            "academics": 0,
            "temperament": 1,
            "concept": "PAPERWORK",
            "conditions": [
                97
            ],
            "items": [],
            "money": 1,
            "willpower": 0,
            "bounty": 1,
            "relative_conditions": {},
            "tattoo": null,
            "crafted_before": []
        },
        "Touch Dom": {
            "name": "Touch Dom",
            "progress_dict": {
                "101": 5,
                "117": 5,
                "120": 10,
                "501": 5,
                "512": 5,
                "102": 5,
                "111": 7
            },
            "dev_plan": [
                111,
                514,
                513
            ],
            "academics": 0,
            "temperament": 2,
            "concept": null,
            "conditions": [
                114,
                114
            ],
            "items": [
                2,
                1201
            ],
            "money": 1,
            "willpower": 0,
            "bounty": 1,
            "relative_conditions": {},
            "tattoo": null,
            "crafted_before": []
        },
        "Witherbrine26": {
            "name": "Witherbrine26",
            "progress_dict": {
                "101": 5,
                "102": 5,
                "125": 10,
                "126": 10,
                "137": 5,
                "138": 5,
                "501": 5,
                "135": 9
            },
            "dev_plan": [
                135,
                201
            ],
            "academics": 0,
            "temperament": 1,
            "concept": null,
            "conditions": [
                100,
                2,
                101,
                96,
                101,
                96
            ],
            "items": [],
            "money": 8,
            "willpower": 0,
            "bounty": 1,
            "relative_conditions": {},
            "tattoo": null,
            "crafted_before": []
        },
        "Zeal Iskander": {
            "name": "Zeal Iskander",
            "progress_dict": {
                "501": 5,
                "502": 5,
                "515": 5,
                "516": 5,
                "517": 5,
                "519": 5,
                "520": 5,
                "521": 3
            },
            "dev_plan": [
                521,
                523
            ],
            "academics": 2,
            "temperament": 9,
            "concept": null,
            "conditions": [
                2
            ],
            "items": [
                9
            ],
            "money": 6,
            "willpower": 0,
            "bounty": 1,
            "relative_conditions": {},
            "tattoo": null,
            "crafted_before": []
        }
    },
    "automata": {}
}