{
    "turn": 7,
    "night": true,
    "remaining": [
        "PocketRikimaru",
        "Songaro",
        "Zeal Iskander"
    ],
    "events": [],
    "players": {
        "Artful Lounger": {
            "name": "Artful Lounger",
            "progress_dict": {
                "401": 5,
                "402": 5,
                "403": 5,
                "404": 5,
                "406": 10,
                "408": 5,
                "405": 3
            },
            "dev_plan": [
                405,
                101,
                122
            ],
            "academics": 0,
            "temperament": 6,
            "concept": null,
            "conditions": [
                2,
                1
            ],
            "items": [],
            "money": 7,
            "willpower": 0,
            "bounty": 0,
            "relative_conditions": {},
            "tattoo": null
        },
        "BlueMangoAdea": {
            "name": "BlueMangoAdea",
            "progress_dict": {
                "501": 5,
                "502": 5,
                "509": 10,
                "519": 5,
                "520": 5,
                "503": 3
            },
            "dev_plan": [
                503,
                507,
                508
            ],
            "academics": 0,
            "temperament": 2,
            "concept": null,
            "conditions": [
                2,
                1
            ],
            "items": [],
            "money": 3,
            "willpower": 0,
            "bounty": 0,
            "relative_conditions": {},
            "tattoo": null
        },
        "Megaolix": {
            "name": "Megaolix",
            "progress_dict": {
                "401": 5,
                "404": 5,
                "405": 10,
                "501": 5,
                "502": 5,
                "505": 10,
                "506": 10
            },
            "dev_plan": [
                503,
                509
            ],
            "academics": 0,
            "temperament": 6,
            "concept": null,
            "conditions": [
                97,
                2,
                1
            ],
            "items": [],
            "money": 4,
            "willpower": 0,
            "bounty": 0,
            "relative_conditions": {
                "Artful Lounger": [
                    25,
                    27
                ]
            },
            "tattoo": null
        },
        "Paradosi": {
            "name": "Paradosi",
            "progress_dict": {
                "201": 5,
                "232": 5,
                "401": 5,
                "404": 5,
                "501": 5,
                "512": 5,
                "514": 1
            },
            "dev_plan": [
                514,
                405
            ],
            "academics": 0,
            "temperament": 2,
            "concept": null,
            "conditions": [
                2,
                1
            ],
            "items": [],
            "money": 0,
            "willpower": 1,
            "bounty": 0,
            "relative_conditions": {},
            "tattoo": null
        },
        "PocketRikimaru": {
            "name": "PocketRikimaru",
            "progress_dict": {
                "306": 5,
                "401": 5,
                "410": 10,
                "801": 10,
                "501": 5,
                "101": 5,
                "117": 5,
                "120": 10,
                "102": 5,
                "118": 10,
                "122": 5,
                "103": 5,
                "119": 6,
                "110": 8
            },
            "dev_plan": [
                110
            ],
            "academics": 2,
            "temperament": 6,
            "concept": "CONDUCTOR",
            "conditions": [
                2,
                21,
                95,
                95
            ],
            "items": [
                6,
                9,
                18
            ],
            "money": 4,
            "willpower": 0,
            "bounty": 1,
            "relative_conditions": {},
            "tattoo": null
        },
        "Random Anon": {
            "name": "Random Anon",
            "progress_dict": {
                "401": 5,
                "501": 5,
                "502": 5,
                "503": 5,
                "512": 5,
                "514": 5,
                "404": 5,
                "517": 1,
                "101": 5,
                "132": 1
            },
            "dev_plan": [
                132,
                405
            ],
            "academics": 0,
            "temperament": 2,
            "concept": null,
            "conditions": [
                2,
                1
            ],
            "items": [],
            "money": 1,
            "willpower": 0,
            "bounty": 0,
            "relative_conditions": {},
            "tattoo": null
        },
        "Ricardian": {
            "name": "Ricardian",
            "progress_dict": {
                "501": 5,
                "502": 5,
                "503": 5,
                "507": 10,
                "508": 5,
                "515": 4
            },
            "dev_plan": [
                515,
                516,
                509
            ],
            "academics": 0,
            "temperament": 6,
            "concept": null,
            "conditions": [
                2,
                1
            ],
            "items": [],
            "money": 3,
            "willpower": 0,
            "bounty": 0,
            "relative_conditions": {},
            "tattoo": null
        },
        "Sargon": {
            "name": "Sargon",
            "progress_dict": {
                "401": 5,
                "501": 5,
                "502": 5,
                "503": 5,
                "504": 10,
                "404": 5,
                "408": 5,
                "509": 4,
                "101": 5,
                "127": 2
            },
            "dev_plan": [
                127,
                122
            ],
            "academics": 1,
            "temperament": 6,
            "concept": null,
            "conditions": [
                2,
                95,
                1
            ],
            "items": [],
            "money": 2,
            "willpower": 0,
            "bounty": 0,
            "relative_conditions": {},
            "tattoo": null
        },
        "Seventeen": {
            "name": "Seventeen",
            "progress_dict": {
                "701": 10,
                "702": 5,
                "703": 15,
                "401": 5,
                "402": 5
            },
            "dev_plan": [
                704
            ],
            "academics": 0,
            "temperament": 2,
            "concept": "HYENA",
            "conditions": [
                2,
                1
            ],
            "items": [],
            "money": 3,
            "willpower": 0,
            "bounty": 0,
            "relative_conditions": {},
            "tattoo": null
        },
        "Songaro": {
            "name": "Songaro",
            "progress_dict": {
                "201": 5,
                "232": 5,
                "1001": 10,
                "1002": 10,
                "501": 1,
                "1003": 10,
                "1004": 10,
                "307": 10,
                "1005": 10,
                "222": 4,
                "233": 10
            },
            "dev_plan": [
                222,
                225
            ],
            "academics": 1,
            "temperament": 3,
            "concept": "CHALK",
            "conditions": [],
            "items": [],
            "money": 6,
            "willpower": 3,
            "bounty": 1,
            "relative_conditions": {},
            "tattoo": null
        },
        "Zeal Iskander": {
            "name": "Zeal Iskander",
            "progress_dict": {
                "401": 5,
                "402": 5,
                "403": 5,
                "404": 5,
                "405": 10,
                "408": 5,
                "407": 10,
                "101": 5,
                "122": 4
            },
            "dev_plan": [
                122
            ],
            "academics": 1,
            "temperament": 6,
            "concept": null,
            "conditions": [
                95,
                95,
                95,
                95,
                95,
                95
            ],
            "items": [
                1,
                9,
                6,
                2,
                4,
                1,
                2,
                1
            ],
            "money": 8,
            "willpower": 0,
            "bounty": 2,
            "relative_conditions": {},
            "tattoo": null
        }
    },
    "automata": {}
}