{
    "turn": 2,
    "night": true,
    "seed": 39587,
    "remaining": [
        "23Starman",
        "Bedna337",
        "BlackLemonAde",
        "ChaosUntold",
        "Dragonlord7",
        "International",
        "Lord of Chromius",
        "M3mentoMori",
        "Megaolix",
        "Paradosi",
        "PocketRikimaru",
        "Ricardian",
        "RyoAtemi",
        "Seventeen",
        "Tempeljaeger",
        "Teyao",
        "Witherbrine26",
        "Equity",
        "Evocation",
        "Perdition",
        "Pessimism"
    ],
    "events": [
        [
            5,
            false,
            120,
            "Equity",
            []
        ]
    ],
    "players": {
        "23Starman": {
            "name": "23Starman",
            "progress_dict": {
                "201": 5,
                "222": 5,
                "225": 10,
                "226": 10,
                "501": 5,
                "510": 5,
                "502": 3
            },
            "dev_plan": [
                502,
                512,
                514,
                202,
                521
            ],
            "academics": 2,
            "temperament": 7,
            "concept": null,
            "conditions": [],
            "items": [],
            "money": 5,
            "willpower": 3,
            "bounty": 1,
            "relative_conditions": {},
            "tattoo": null,
            "crafted_before": []
        },
        "Bedna337": {
            "name": "Bedna337",
            "progress_dict": {
                "101": 5,
                "122": 5,
                "125": 10,
                "501": 5,
                "502": 5,
                "102": 5,
                "127": 5,
                "507": 1
            },
            "dev_plan": [
                507,
                508
            ],
            "academics": 2,
            "temperament": 1,
            "concept": null,
            "conditions": [],
            "items": [],
            "money": 5,
            "willpower": 0,
            "bounty": 1,
            "relative_conditions": {},
            "tattoo": null,
            "crafted_before": []
        },
        "BlackLemonAde": {
            "name": "BlackLemonAde",
            "progress_dict": {
                "101": 5,
                "102": 5,
                "113": 10,
                "127": 5,
                "128": 10,
                "130": 5,
                "137": 5
            },
            "dev_plan": [
                130,
                501,
                502
            ],
            "academics": 2,
            "temperament": 7,
            "concept": null,
            "conditions": [],
            "items": [],
            "money": 5,
            "willpower": 0,
            "bounty": 1,
            "relative_conditions": {},
            "tattoo": null,
            "crafted_before": []
        },
        "ChaosUntold": {
            "name": "ChaosUntold",
            "progress_dict": {
                "101": 5,
                "102": 5,
                "113": 10,
                "127": 5,
                "128": 10,
                "129": 8,
                "103": 3
            },
            "dev_plan": [
                103,
                129,
                114,
                116
            ],
            "academics": 2,
            "temperament": 7,
            "concept": null,
            "conditions": [],
            "items": [],
            "money": 5,
            "willpower": 0,
            "bounty": 2,
            "relative_conditions": {},
            "tattoo": null,
            "crafted_before": []
        },
        "Darkpiplumon": {
            "name": "Darkpiplumon",
            "progress_dict": {
                "201": 5,
                "202": 5,
                "217": 5,
                "232": 5,
                "238": 10,
                "218": 2
            },
            "dev_plan": [
                218,
                203,
                401,
                408,
                204,
                239
            ],
            "academics": 0,
            "temperament": 2,
            "concept": null,
            "conditions": [
                2,
                1
            ],
            "items": [],
            "money": 1,
            "willpower": 5,
            "bounty": 0,
            "relative_conditions": {},
            "tattoo": null,
            "crafted_before": []
        },
        "Dragonlord7": {
            "name": "Dragonlord7",
            "progress_dict": {
                "101": 5,
                "127": 5,
                "201": 5,
                "235": 10,
                "501": 5,
                "236": 10,
                "128": 4
            },
            "dev_plan": [
                128
            ],
            "academics": 0,
            "temperament": 4,
            "concept": null,
            "conditions": [],
            "items": [
                23,
                9,
                12
            ],
            "money": 7,
            "willpower": 3,
            "bounty": 1,
            "relative_conditions": {},
            "tattoo": null,
            "crafted_before": [
                23,
                9,
                12,
                8
            ]
        },
        "International": {
            "name": "International",
            "progress_dict": {
                "201": 5,
                "202": 5,
                "210": 10,
                "232": 5,
                "501": 5,
                "502": 5,
                "510": 5,
                "203": 5,
                "516": 5,
                "233": 3
            },
            "dev_plan": [
                233,
                204
            ],
            "academics": 0,
            "temperament": 3,
            "concept": null,
            "conditions": [
                112
            ],
            "items": [
                2401
            ],
            "money": 1,
            "willpower": 4,
            "bounty": 1,
            "relative_conditions": {},
            "tattoo": null,
            "crafted_before": []
        },
        "Lord of Chromius": {
            "name": "Lord of Chromius",
            "progress_dict": {
                "201": 5,
                "202": 5,
                "210": 10,
                "220": 10,
                "217": 5,
                "203": 5,
                "232": 1
            },
            "dev_plan": [
                232,
                204,
                221,
                213,
                239
            ],
            "academics": 1,
            "temperament": 7,
            "concept": null,
            "conditions": [
                112
            ],
            "items": [
                6
            ],
            "money": 1,
            "willpower": 7,
            "bounty": 1,
            "relative_conditions": {},
            "tattoo": null,
            "crafted_before": []
        },
        "M3mentoMori": {
            "name": "M3mentoMori",
            "progress_dict": {
                "101": 5,
                "132": 5,
                "133": 10,
                "1501": 10,
                "501": 5,
                "502": 5,
                "102": 5,
                "201": 5,
                "232": 5
            },
            "dev_plan": [],
            "academics": 0,
            "temperament": 3,
            "concept": "GAZE",
            "conditions": [],
            "items": [
                6
            ],
            "money": 1,
            "willpower": 2,
            "bounty": 1,
            "relative_conditions": {},
            "tattoo": null,
            "crafted_before": []
        },
        "Megaolix": {
            "name": "Megaolix",
            "progress_dict": {
                "201": 5,
                "222": 5,
                "225": 10,
                "226": 10,
                "202": 5,
                "203": 5,
                "204": 1
            },
            "dev_plan": [
                204
            ],
            "academics": 1,
            "temperament": 7,
            "concept": null,
            "conditions": [],
            "items": [
                12
            ],
            "money": 1,
            "willpower": 7,
            "bounty": 1,
            "relative_conditions": {},
            "tattoo": null,
            "crafted_before": []
        },
        "Paradosi": {
            "name": "Paradosi",
            "progress_dict": {
                "101": 5,
                "125": 10,
                "135": 10,
                "137": 5,
                "102": 5,
                "138": 5,
                "126": 10,
                "136": 10
            },
            "dev_plan": [
                201
            ],
            "academics": 0,
            "temperament": 1,
            "concept": null,
            "conditions": [],
            "items": [],
            "money": 4,
            "willpower": 0,
            "bounty": 1,
            "relative_conditions": {},
            "tattoo": null,
            "crafted_before": []
        },
        "PocketRikimaru": {
            "name": "PocketRikimaru",
            "progress_dict": {
                "501": 5,
                "502": 5,
                "515": 5,
                "516": 5,
                "2401": 10,
                "2402": 10,
                "2403": 10
            },
            "dev_plan": [
                2404
            ],
            "academics": 0,
            "temperament": 1,
            "concept": "RESONANCE",
            "conditions": [
                77
            ],
            "items": [
                2401
            ],
            "money": 4,
            "willpower": 0,
            "bounty": 1,
            "relative_conditions": {},
            "tattoo": null,
            "crafted_before": []
        },
        "Ricardian": {
            "name": "Ricardian",
            "progress_dict": {
                "201": 5,
                "202": 5,
                "213": 10,
                "216": 10,
                "501": 5
            },
            "dev_plan": [
                512,
                514,
                502,
                401,
                404
            ],
            "academics": 1,
            "temperament": 7,
            "concept": null,
            "conditions": [],
            "items": [
                9,
                16,
                8
            ],
            "money": 4,
            "willpower": 5,
            "bounty": 1,
            "relative_conditions": {},
            "tattoo": null,
            "crafted_before": []
        },
        "RyoAtemi": {
            "name": "RyoAtemi",
            "progress_dict": {
                "101": 5,
                "122": 5,
                "125": 10,
                "501": 5,
                "502": 5,
                "510": 5,
                "102": 5,
                "503": 5
            },
            "dev_plan": [
                123,
                126,
                504,
                511,
                505,
                506,
                507,
                508
            ],
            "academics": 0,
            "temperament": 1,
            "concept": null,
            "conditions": [],
            "items": [
                21
            ],
            "money": 3,
            "willpower": 0,
            "bounty": 1,
            "relative_conditions": {},
            "tattoo": null,
            "crafted_before": []
        },
        "Sentient Pebble": {
            "name": "Sentient Pebble",
            "progress_dict": {
                "501": 5,
                "502": 5,
                "507": 10,
                "508": 5,
                "901": 10,
                "503": 5,
                "401": 5,
                "101": 1
            },
            "dev_plan": [
                408,
                402
            ],
            "academics": 0,
            "temperament": 9,
            "concept": "SHACKLED",
            "conditions": [
                2,
                1
            ],
            "items": [],
            "money": 4,
            "willpower": 0,
            "bounty": 0,
            "relative_conditions": {},
            "tattoo": null,
            "crafted_before": []
        },
        "Seventeen": {
            "name": "Seventeen",
            "progress_dict": {
                "501": 5,
                "502": 5,
                "507": 10,
                "508": 5,
                "510": 5,
                "521": 5,
                "201": 5,
                "503": 3
            },
            "dev_plan": [
                503,
                505,
                506
            ],
            "academics": 0,
            "temperament": 4,
            "concept": null,
            "conditions": [],
            "items": [],
            "money": 3,
            "willpower": 3,
            "bounty": 1,
            "relative_conditions": {},
            "tattoo": null,
            "crafted_before": []
        },
        "Tempeljaeger": {
            "name": "Tempeljaeger",
            "progress_dict": {
                "401": 5,
                "501": 5,
                "502": 5,
                "507": 10,
                "508": 5,
                "503": 5,
                "402": 5,
                "101": 5,
                "102": 5
            },
            "dev_plan": [
                512,
                117,
                403,
                118,
                103
            ],
            "academics": 0,
            "temperament": 2,
            "concept": null,
            "conditions": [
                112
            ],
            "items": [
                2401
            ],
            "money": 4,
            "willpower": 0,
            "bounty": 1,
            "relative_conditions": {},
            "tattoo": null,
            "crafted_before": []
        },
        "Teyao": {
            "name": "Teyao",
            "progress_dict": {
                "101": 5,
                "102": 5,
                "132": 5,
                "133": 10,
                "201": 5,
                "135": 9
            },
            "dev_plan": [
                135,
                229,
                136,
                113,
                222,
                225,
                226,
                103,
                111,
                112
            ],
            "academics": 0,
            "temperament": 3,
            "concept": null,
            "conditions": [
                2
            ],
            "items": [
                8
            ],
            "money": 1,
            "willpower": 3,
            "bounty": 2,
            "relative_conditions": {},
            "tattoo": null,
            "crafted_before": []
        },
        "Witherbrine26": {
            "name": "Witherbrine26",
            "progress_dict": {
                "306": 5,
                "401": 5,
                "402": 5,
                "403": 5,
                "404": 5,
                "2501": 10,
                "2502": 10,
                "2503": 10,
                "2504": 9
            },
            "dev_plan": [
                2504,
                2505
            ],
            "academics": 0,
            "temperament": 9,
            "concept": "STICKY",
            "conditions": [
                97
            ],
            "items": [
                2
            ],
            "money": 3,
            "willpower": 0,
            "bounty": 2,
            "relative_conditions": {},
            "tattoo": null,
            "crafted_before": []
        },
        "Zeal Iskander": {
            "name": "Zeal Iskander",
            "progress_dict": {
                "401": 5,
                "402": 5,
                "403": 5,
                "2001": 10,
                "2002": 8
            },
            "dev_plan": [
                2002,
                2003,
                2004,
                2005
            ],
            "academics": 0,
            "temperament": 2,
            "concept": "PARADE",
            "conditions": [
                77,
                77,
                77,
                2,
                1
            ],
            "items": [],
            "money": 3,
            "willpower": 0,
            "bounty": 0,
            "relative_conditions": {},
            "tattoo": null,
            "crafted_before": []
        },
        "Equity": {
            "name": "Equity",
            "progress_dict": {
                "501": 5,
                "519": 5,
                "520": 5,
                "1101": 10,
                "1102": 10,
                "515": 1
            },
            "dev_plan": [
                515,
                516
            ],
            "academics": 2,
            "temperament": 5,
            "concept": "MIASMA",
            "conditions": [
                99
            ],
            "items": [],
            "money": 5,
            "willpower": 0,
            "bounty": 1,
            "relative_conditions": {},
            "tattoo": null,
            "crafted_before": []
        },
        "Evocation": {
            "name": "Evocation",
            "progress_dict": {
                "101": 5,
                "102": 5,
                "127": 5,
                "130": 10,
                "132": 5,
                "501": 5,
                "502": 5,
                "509": 1
            },
            "dev_plan": [
                509
            ],
            "academics": 1,
            "temperament": 7,
            "concept": null,
            "conditions": [],
            "items": [
                8,
                8,
                8
            ],
            "money": 2,
            "willpower": 0,
            "bounty": 1,
            "relative_conditions": {},
            "tattoo": null,
            "crafted_before": []
        },
        "Perdition": {
            "name": "Perdition",
            "progress_dict": {
                "401": 5,
                "402": 5,
                "403": 5,
                "404": 5,
                "405": 10,
                "406": 10,
                "407": 10
            },
            "dev_plan": [
                409,
                501,
                502,
                503,
                512,
                514,
                513
            ],
            "academics": 0,
            "temperament": 8,
            "concept": null,
            "conditions": [
                97,
                112
            ],
            "items": [
                2,
                2
            ],
            "money": 6,
            "willpower": 0,
            "bounty": 1,
            "relative_conditions": {},
            "tattoo": null,
            "crafted_before": []
        },
        "Pessimism": {
            "name": "Pessimism",
            "progress_dict": {
                "201": 5,
                "202": 5,
                "203": 5,
                "204": 5,
                "206": 15,
                "207": 5
            },
            "dev_plan": [
                207,
                238,
                220,
                232,
                221
            ],
            "academics": 2,
            "temperament": 3,
            "concept": null,
            "conditions": [],
            "items": [],
            "money": 5,
            "willpower": 9,
            "bounty": 1,
            "relative_conditions": {},
            "tattoo": null,
            "crafted_before": []
        }
    },
    "automata": {}
}