{
    "turn": 7,
    "night": true,
    "seed": 39587,
    "remaining": [
        "23Starman",
        "Dragonlord7",
        "International",
        "Paradosi",
        "Ricardian",
        "Tempeljaeger",
        "Perdition",
        "Pessimism"
    ],
    "events": [],
    "players": {
        "23Starman": {
            "name": "23Starman",
            "progress_dict": {
                "201": 5,
                "222": 5,
                "225": 10,
                "226": 10,
                "501": 5,
                "510": 5,
                "502": 5,
                "202": 5,
                "521": 5,
                "512": 4
            },
            "dev_plan": [
                512,
                514,
                220
            ],
            "academics": 4,
            "temperament": 7,
            "concept": null,
            "conditions": [],
            "items": [],
            "money": 3,
            "willpower": 5,
            "bounty": 2,
            "relative_conditions": {},
            "tattoo": null,
            "crafted_before": []
        },
        "Bedna337": {
            "name": "Bedna337",
            "progress_dict": {
                "101": 5,
                "122": 5,
                "125": 10,
                "501": 5,
                "502": 5,
                "102": 5,
                "127": 5,
                "507": 1
            },
            "dev_plan": [
                401,
                408
            ],
            "academics": 2,
            "temperament": 1,
            "concept": null,
            "conditions": [
                2,
                1
            ],
            "items": [],
            "money": 1,
            "willpower": 0,
            "bounty": 0,
            "relative_conditions": {},
            "tattoo": null,
            "crafted_before": []
        },
        "BlackLemonAde": {
            "name": "BlackLemonAde",
            "progress_dict": {
                "101": 5,
                "102": 5,
                "113": 10,
                "127": 5,
                "128": 10,
                "130": 10,
                "137": 5,
                "114": 5,
                "501": 5
            },
            "dev_plan": [
                103,
                110
            ],
            "academics": 5,
            "temperament": 7,
            "concept": null,
            "conditions": [
                2,
                1
            ],
            "items": [
                23,
                10128,
                10128
            ],
            "money": 3,
            "willpower": 0,
            "bounty": 2,
            "relative_conditions": {},
            "tattoo": null,
            "crafted_before": [
                10128
            ]
        },
        "ChaosUntold": {
            "name": "ChaosUntold",
            "progress_dict": {
                "101": 5,
                "102": 5,
                "113": 10,
                "127": 5,
                "128": 10,
                "129": 8,
                "103": 3
            },
            "dev_plan": [
                103,
                114
            ],
            "academics": 2,
            "temperament": 7,
            "concept": null,
            "conditions": [
                2,
                1
            ],
            "items": [],
            "money": 6,
            "willpower": 0,
            "bounty": 0,
            "relative_conditions": {},
            "tattoo": null,
            "crafted_before": []
        },
        "Darkpiplumon": {
            "name": "Darkpiplumon",
            "progress_dict": {
                "201": 5,
                "202": 5,
                "217": 5,
                "232": 5,
                "238": 10,
                "218": 2
            },
            "dev_plan": [
                218,
                203,
                401,
                408,
                204,
                239
            ],
            "academics": 0,
            "temperament": 2,
            "concept": null,
            "conditions": [
                2,
                1
            ],
            "items": [],
            "money": 1,
            "willpower": 5,
            "bounty": 0,
            "relative_conditions": {},
            "tattoo": null,
            "crafted_before": []
        },
        "Dragonlord7": {
            "name": "Dragonlord7",
            "progress_dict": {
                "101": 5,
                "127": 5,
                "201": 5,
                "235": 10,
                "501": 5,
                "236": 10,
                "128": 4,
                "202": 5,
                "222": 5,
                "502": 5,
                "225": 10,
                "237": 10,
                "521": 5,
                "203": 5,
                "226": 0
            },
            "dev_plan": [
                226
            ],
            "academics": 1,
            "temperament": 4,
            "concept": null,
            "conditions": [],
            "items": [
                23,
                9,
                10,
                22,
                18,
                13,
                13,
                13,
                19
            ],
            "money": 5,
            "willpower": 5,
            "bounty": 2,
            "relative_conditions": {},
            "tattoo": null,
            "crafted_before": [
                23,
                9,
                12,
                8,
                15,
                10,
                22,
                14,
                1,
                2,
                18
            ]
        },
        "International": {
            "name": "International",
            "progress_dict": {
                "201": 5,
                "202": 5,
                "210": 10,
                "232": 5,
                "501": 5,
                "502": 5,
                "510": 5,
                "203": 5,
                "516": 5,
                "233": 10,
                "515": 5,
                "204": 5,
                "505": 10,
                "101": 5,
                "506": 1,
                "209": 1,
                "517": 5,
                "518": 7,
                "135": 10,
                "132": 5
            },
            "dev_plan": [
                518,
                206,
                207,
                209,
                506
            ],
            "academics": 0,
            "temperament": 3,
            "concept": null,
            "conditions": [
                112,
                18
            ],
            "items": [
                16,
                2401,
                15,
                2
            ],
            "money": 2,
            "willpower": 7,
            "bounty": 1,
            "relative_conditions": {
                "Evocation": [
                    25
                ],
                "Megaolix": [
                    25
                ]
            },
            "tattoo": null,
            "crafted_before": []
        },
        "Lord of Chromius": {
            "name": "Lord of Chromius",
            "progress_dict": {
                "201": 5,
                "202": 5,
                "210": 10,
                "220": 10,
                "217": 5,
                "203": 5,
                "232": 5,
                "204": 5,
                "221": 9
            },
            "dev_plan": [
                221,
                239,
                205,
                206,
                213
            ],
            "academics": 3,
            "temperament": 7,
            "concept": null,
            "conditions": [
                112,
                2,
                1
            ],
            "items": [],
            "money": 3,
            "willpower": 5,
            "bounty": 2,
            "relative_conditions": {},
            "tattoo": null,
            "crafted_before": []
        },
        "M3mentoMori": {
            "name": "M3mentoMori",
            "progress_dict": {
                "101": 5,
                "132": 5,
                "133": 10,
                "1501": 10,
                "501": 5,
                "502": 5,
                "102": 5,
                "201": 5,
                "232": 5,
                "117": 4,
                "127": 5,
                "111": 2,
                "229": 5,
                "103": 2
            },
            "dev_plan": [
                202,
                231,
                103,
                117,
                111
            ],
            "academics": 0,
            "temperament": 3,
            "concept": "GAZE",
            "conditions": [
                2,
                112,
                1
            ],
            "items": [
                6
            ],
            "money": 1,
            "willpower": 0,
            "bounty": 1,
            "relative_conditions": {},
            "tattoo": null,
            "crafted_before": []
        },
        "Megaolix": {
            "name": "Megaolix",
            "progress_dict": {
                "201": 5,
                "222": 5,
                "225": 10,
                "226": 10,
                "202": 5,
                "203": 5,
                "204": 5,
                "232": 5,
                "239": 10,
                "205": 5,
                "220": 0,
                "101": 5
            },
            "dev_plan": [
                220,
                221
            ],
            "academics": 3,
            "temperament": 7,
            "concept": null,
            "conditions": [
                2,
                1
            ],
            "items": [],
            "money": 2,
            "willpower": 0,
            "bounty": 0,
            "relative_conditions": {},
            "tattoo": null,
            "crafted_before": []
        },
        "Paradosi": {
            "name": "Paradosi",
            "progress_dict": {
                "101": 5,
                "125": 10,
                "135": 10,
                "137": 5,
                "102": 5,
                "138": 5,
                "126": 10,
                "136": 10,
                "201": 5,
                "202": 5,
                "203": 5,
                "204": 5,
                "239": 10,
                "114": 5,
                "115": 10,
                "116": 10,
                "220": 4
            },
            "dev_plan": [
                220,
                205,
                208,
                221
            ],
            "academics": 0,
            "temperament": 1,
            "concept": null,
            "conditions": [],
            "items": [
                14,
                1,
                15,
                22,
                10239,
                15
            ],
            "money": 1,
            "willpower": 8,
            "bounty": 1,
            "relative_conditions": {},
            "tattoo": 10239,
            "crafted_before": [
                10239
            ]
        },
        "PocketRikimaru": {
            "name": "PocketRikimaru",
            "progress_dict": {
                "501": 5,
                "502": 5,
                "515": 5,
                "516": 5,
                "2401": 10,
                "2402": 10,
                "2403": 10,
                "2404": 4,
                "201": 5,
                "222": 5,
                "223": 10
            },
            "dev_plan": [
                2404
            ],
            "academics": 0,
            "temperament": 1,
            "concept": "RESONANCE",
            "conditions": [
                77,
                2,
                1
            ],
            "items": [],
            "money": 3,
            "willpower": 3,
            "bounty": 0,
            "relative_conditions": {},
            "tattoo": null,
            "crafted_before": []
        },
        "Ricardian": {
            "name": "Ricardian",
            "progress_dict": {
                "201": 5,
                "202": 5,
                "213": 10,
                "216": 10,
                "501": 5,
                "512": 5,
                "203": 5,
                "209": 5,
                "214": 1,
                "514": 5,
                "401": 1
            },
            "dev_plan": [
                401
            ],
            "academics": 1,
            "temperament": 7,
            "concept": null,
            "conditions": [
                112
            ],
            "items": [
                9,
                2401,
                2401,
                6,
                2401,
                15
            ],
            "money": 15,
            "willpower": 7,
            "bounty": 1,
            "relative_conditions": {},
            "tattoo": null,
            "crafted_before": []
        },
        "RyoAtemi": {
            "name": "RyoAtemi",
            "progress_dict": {
                "101": 5,
                "122": 5,
                "125": 10,
                "501": 5,
                "502": 5,
                "510": 5,
                "102": 5,
                "503": 5,
                "123": 10,
                "126": 6
            },
            "dev_plan": [
                126,
                504,
                511,
                505,
                506,
                507,
                508
            ],
            "academics": 0,
            "temperament": 1,
            "concept": null,
            "conditions": [
                2,
                1
            ],
            "items": [],
            "money": 5,
            "willpower": 0,
            "bounty": 0,
            "relative_conditions": {},
            "tattoo": null,
            "crafted_before": []
        },
        "Sentient Pebble": {
            "name": "Sentient Pebble",
            "progress_dict": {
                "501": 5,
                "502": 5,
                "507": 10,
                "508": 5,
                "901": 10,
                "503": 5,
                "401": 5,
                "101": 1
            },
            "dev_plan": [
                408,
                402
            ],
            "academics": 0,
            "temperament": 9,
            "concept": "SHACKLED",
            "conditions": [
                2,
                1
            ],
            "items": [],
            "money": 4,
            "willpower": 0,
            "bounty": 0,
            "relative_conditions": {},
            "tattoo": null,
            "crafted_before": []
        },
        "Seventeen": {
            "name": "Seventeen",
            "progress_dict": {
                "501": 5,
                "502": 5,
                "507": 10,
                "508": 5,
                "510": 5,
                "521": 5,
                "201": 5,
                "503": 5,
                "505": 1
            },
            "dev_plan": [
                505,
                506
            ],
            "academics": 0,
            "temperament": 4,
            "concept": null,
            "conditions": [
                2,
                1
            ],
            "items": [],
            "money": 3,
            "willpower": 3,
            "bounty": 0,
            "relative_conditions": {},
            "tattoo": null,
            "crafted_before": []
        },
        "Tempeljaeger": {
            "name": "Tempeljaeger",
            "progress_dict": {
                "401": 5,
                "501": 5,
                "502": 5,
                "507": 10,
                "508": 5,
                "503": 5,
                "402": 5,
                "101": 5,
                "102": 5,
                "403": 5,
                "201": 5,
                "404": 5,
                "512": 5,
                "514": 5,
                "127": 5,
                "405": 10,
                "117": 5,
                "103": 1,
                "130": 10,
                "202": 5,
                "406": 10,
                "111": 9,
                "137": 5,
                "222": 5
            },
            "dev_plan": [
                111,
                509,
                103,
                139
            ],
            "academics": 0,
            "temperament": 2,
            "concept": null,
            "conditions": [
                112
            ],
            "items": [
                9,
                1,
                21,
                2401,
                2401,
                2,
                2401,
                8,
                8,
                14
            ],
            "money": 1,
            "willpower": 5,
            "bounty": 1,
            "relative_conditions": {},
            "tattoo": null,
            "crafted_before": []
        },
        "Teyao": {
            "name": "Teyao",
            "progress_dict": {
                "101": 5,
                "102": 5,
                "132": 5,
                "133": 10,
                "201": 5,
                "135": 9
            },
            "dev_plan": [
                135,
                229,
                136,
                113,
                222,
                225,
                226,
                103,
                111,
                112
            ],
            "academics": 0,
            "temperament": 3,
            "concept": null,
            "conditions": [
                2,
                1
            ],
            "items": [],
            "money": 1,
            "willpower": 3,
            "bounty": 0,
            "relative_conditions": {},
            "tattoo": null,
            "crafted_before": []
        },
        "Witherbrine26": {
            "name": "Witherbrine26",
            "progress_dict": {
                "306": 5,
                "401": 5,
                "402": 5,
                "403": 5,
                "404": 5,
                "2501": 10,
                "2502": 10,
                "2503": 10,
                "2504": 10,
                "2505": 9
            },
            "dev_plan": [
                2505,
                410
            ],
            "academics": 0,
            "temperament": 9,
            "concept": "STICKY",
            "conditions": [
                97,
                2,
                1
            ],
            "items": [],
            "money": 1,
            "willpower": 0,
            "bounty": 0,
            "relative_conditions": {},
            "tattoo": null,
            "crafted_before": []
        },
        "Zeal Iskander": {
            "name": "Zeal Iskander",
            "progress_dict": {
                "401": 5,
                "402": 5,
                "403": 5,
                "2001": 10,
                "2002": 8
            },
            "dev_plan": [
                2002,
                2003,
                2004,
                2005
            ],
            "academics": 0,
            "temperament": 2,
            "concept": "PARADE",
            "conditions": [
                77,
                77,
                77,
                2,
                1
            ],
            "items": [],
            "money": 3,
            "willpower": 0,
            "bounty": 0,
            "relative_conditions": {},
            "tattoo": null,
            "crafted_before": []
        },
        "Equity": {
            "name": "Equity",
            "progress_dict": {
                "501": 5,
                "519": 5,
                "520": 5,
                "1101": 10,
                "1102": 10,
                "515": 5,
                "516": 3,
                "1103": 10,
                "1104": 10,
                "1105": 7
            },
            "dev_plan": [
                1105,
                502,
                521
            ],
            "academics": 5,
            "temperament": 5,
            "concept": "MIASMA",
            "conditions": [
                99,
                2,
                1
            ],
            "items": [],
            "money": 11,
            "willpower": 0,
            "bounty": 0,
            "relative_conditions": {},
            "tattoo": null,
            "crafted_before": []
        },
        "Evocation": {
            "name": "Evocation",
            "progress_dict": {
                "101": 5,
                "102": 5,
                "127": 5,
                "130": 10,
                "132": 5,
                "501": 5,
                "502": 5,
                "509": 10,
                "505": 8
            },
            "dev_plan": [
                505,
                506
            ],
            "academics": 4,
            "temperament": 7,
            "concept": null,
            "conditions": [
                2,
                1
            ],
            "items": [],
            "money": 1,
            "willpower": 0,
            "bounty": 0,
            "relative_conditions": {},
            "tattoo": null,
            "crafted_before": []
        },
        "Perdition": {
            "name": "Perdition",
            "progress_dict": {
                "401": 5,
                "402": 5,
                "403": 5,
                "404": 5,
                "405": 10,
                "406": 10,
                "407": 10,
                "409": 4
            },
            "dev_plan": [
                409,
                501,
                502,
                503,
                512,
                514,
                513
            ],
            "academics": 0,
            "temperament": 8,
            "concept": null,
            "conditions": [
                97,
                112
            ],
            "items": [
                2,
                2,
                22,
                7,
                9,
                2401
            ],
            "money": 11,
            "willpower": 0,
            "bounty": 1,
            "relative_conditions": {},
            "tattoo": null,
            "crafted_before": []
        },
        "Pessimism": {
            "name": "Pessimism",
            "progress_dict": {
                "201": 5,
                "202": 5,
                "203": 5,
                "204": 5,
                "206": 15,
                "207": 10,
                "238": 10,
                "220": 6
            },
            "dev_plan": [
                220,
                232,
                221
            ],
            "academics": 4,
            "temperament": 3,
            "concept": null,
            "conditions": [
                2,
                59
            ],
            "items": [],
            "money": 11,
            "willpower": 11,
            "bounty": 0,
            "relative_conditions": {},
            "tattoo": null,
            "crafted_before": []
        }
    },
    "automata": {
        "Tim the Enchanter": {
            "name": "Tim the Enchanter",
            "owner": "Dragonlord7",
            "conditions": [],
            "items": [],
            "bounty": 0,
            "relative_conditions": {},
            "tattoo": null
        }
    }
}