{
    "turn": 1,
    "night": false,
    "seed": 39587,
    "remaining": [
        "23starman",
        "Demeter",
        "BlackLemonAde",
        "Hera",
        "Darkpiplumon",
        "Ares",
        "Lord of Chromius",
        "Athena",
        "Megaolix",
        "Artemis",
        "Seventeen",
        "Apollo",
        "Teyao",
        "Hermes",
        "Witherbrine26",
        "Poseidon",
        "Aphrodite",
        "Dionysus",
        "Hephaestus",
        "Zeus"
    ],
    "events": [
        [
            5,
            false,
            120,
            "23starman",
            []
        ],
        [
            5,
            false,
            120,
            "BlackLemonAde",
            []
        ],
        [
            5,
            false,
            120,
            "Darkpiplumon",
            []
        ],
        [
            5,
            false,
            120,
            "Ares",
            []
        ],
        [
            5,
            false,
            120,
            "Lord of Chromius",
            []
        ],
        [
            5,
            false,
            120,
            "Athena",
            []
        ],
        [
            5,
            false,
            120,
            "Artemis",
            []
        ],
        [
            5,
            false,
            120,
            "Apollo",
            []
        ],
        [
            5,
            false,
            120,
            "Hermes",
            []
        ],
        [
            5,
            false,
            120,
            "Witherbrine26",
            []
        ],
        [
            5,
            false,
            120,
            "Aphrodite",
            []
        ],
        [
            5,
            false,
            120,
            "Dionysus",
            []
        ],
        [
            5,
            false,
            120,
            "Hephaestus",
            []
        ],
        [
            5,
            false,
            120,
            "Zeus",
            []
        ],
        [
            4,
            true,
            2305,
            "Lord of Chromius",
            [
                "Lord of Chromius"
            ]
        ],
        [
            6,
            false,
            3903,
            "Athena",
            [
                "Athena"
            ]
        ],
        [
            6,
            true,
            3903,
            "Athena",
            [
                "Athena"
            ]
        ],
        [
            1,
            true,
            4212,
            "Aphrodite",
            [
                "Aphrodite"
            ]
        ],
        [
            1,
            true,
            2204,
            "Ares",
            [
                "Ares"
            ]
        ]
    ],
    "players": {
        "23starman": {
            "name": "23starman",
            "progress_dict": {
                "101": 5,
                "102": 5,
                "122": 5,
                "132": 5
            },
            "dev_plan": [
                501,
                519
            ],
            "academics": 0,
            "temperament": 5,
            "concept": null,
            "conditions": [],
            "items": [
                8,
                11
            ],
            "money": 3,
            "willpower": 0,
            "bounty": 1,
            "relative_conditions": {},
            "tattoo": null,
            "crafted_before": []
        },
        "Demeter": {
            "name": "Demeter",
            "progress_dict": {
                "101": 5,
                "122": 5,
                "201": 5,
                "306": 5,
                "4101": 10,
                "4102": 5
            },
            "dev_plan": [
                232
            ],
            "academics": 1,
            "temperament": 7,
            "concept": "SUPPRESSION",
            "conditions": [],
            "items": [],
            "money": 0,
            "willpower": 3,
            "bounty": 1,
            "relative_conditions": {},
            "tattoo": null,
            "crafted_before": []
        },
        "BlackLemonAde": {
            "name": "BlackLemonAde",
            "progress_dict": {
                "501": 5,
                "502": 5,
                "507": 10,
                "521": 3
            },
            "dev_plan": [
                521,
                503,
                508
            ],
            "academics": 0,
            "temperament": 5,
            "concept": null,
            "conditions": [],
            "items": [
                2401
            ],
            "money": 3,
            "willpower": 0,
            "bounty": 1,
            "relative_conditions": {},
            "tattoo": null,
            "crafted_before": []
        },
        "Hera": {
            "name": "Hera",
            "progress_dict": {
                "4001": 10,
                "4002": 10,
                "4003": 10,
                "501": 2
            },
            "dev_plan": [
                501,
                502,
                521
            ],
            "academics": 0,
            "temperament": 4,
            "concept": "MIGRAINE",
            "conditions": [],
            "items": [],
            "money": 3,
            "willpower": 0,
            "bounty": 1,
            "relative_conditions": {},
            "tattoo": null,
            "crafted_before": []
        },
        "Darkpiplumon": {
            "name": "Darkpiplumon",
            "progress_dict": {
                "401": 5,
                "404": 5,
                "406": 10
            },
            "dev_plan": [
                402,
                405,
                403
            ],
            "academics": 0,
            "temperament": 5,
            "concept": null,
            "conditions": [
                2
            ],
            "items": [],
            "money": 3,
            "willpower": 0,
            "bounty": 1,
            "relative_conditions": {},
            "tattoo": null,
            "crafted_before": []
        },
        "Ares": {
            "name": "Ares",
            "progress_dict": {
                "201": 5,
                "202": 5,
                "217": 5,
                "232": 5,
                "2201": 10,
                "218": 4
            },
            "dev_plan": [
                218,
                203,
                204,
                239,
                220
            ],
            "academics": 0,
            "temperament": 5,
            "concept": "HORN",
            "conditions": [],
            "items": [],
            "money": 3,
            "willpower": 4,
            "bounty": 1,
            "relative_conditions": {},
            "tattoo": null,
            "crafted_before": []
        },
        "Lord of Chromius": {
            "name": "Lord of Chromius",
            "progress_dict": {
                "306": 5,
                "2301": 10,
                "2302": 10,
                "2303": 8
            },
            "dev_plan": [
                2303,
                101,
                127,
                102,
                128,
                130,
                2304,
                2305
            ],
            "academics": 0,
            "temperament": 5,
            "concept": "SNAIL",
            "conditions": [],
            "items": [],
            "money": 3,
            "willpower": 0,
            "bounty": 1,
            "relative_conditions": {},
            "tattoo": null,
            "crafted_before": []
        },
        "Athena": {
            "name": "Athena",
            "progress_dict": {
                "3901": 10,
                "3902": 10,
                "401": 4
            },
            "dev_plan": [
                401,
                3903,
                3904
            ],
            "academics": 0,
            "temperament": 5,
            "concept": "HELIOPHILE",
            "conditions": [],
            "items": [],
            "money": 3,
            "willpower": 0,
            "bounty": 1,
            "relative_conditions": {},
            "tattoo": null,
            "crafted_before": []
        },
        "Megaolix": {
            "name": "Megaolix",
            "progress_dict": {
                "101": 5,
                "117": 5,
                "118": 5,
                "501": 5,
                "512": 5,
                "514": 5
            },
            "dev_plan": [
                118,
                102,
                502,
                503
            ],
            "academics": 0,
            "temperament": 2,
            "concept": null,
            "conditions": [],
            "items": [
                9,
                8
            ],
            "money": 3,
            "willpower": 0,
            "bounty": 1,
            "relative_conditions": {},
            "tattoo": null,
            "crafted_before": []
        },
        "Artemis": {
            "name": "Artemis",
            "progress_dict": {
                "401": 5,
                "402": 5,
                "410": 10,
                "403": 3
            },
            "dev_plan": [
                403,
                501,
                502,
                509
            ],
            "academics": 0,
            "temperament": 5,
            "concept": null,
            "conditions": [],
            "items": [],
            "money": 0,
            "willpower": 0,
            "bounty": 1,
            "relative_conditions": {},
            "tattoo": null,
            "crafted_before": []
        },
        "Seventeen": {
            "name": "Seventeen",
            "progress_dict": {
                "401": 5,
                "402": 5,
                "501": 5,
                "502": 5,
                "503": 5,
                "512": 5
            },
            "dev_plan": [
                404,
                405,
                513
            ],
            "academics": 0,
            "temperament": 2,
            "concept": null,
            "conditions": [],
            "items": [
                2
            ],
            "money": 0,
            "willpower": 0,
            "bounty": 1,
            "relative_conditions": {},
            "tattoo": null,
            "crafted_before": []
        },
        "Apollo": {
            "name": "Apollo",
            "progress_dict": {
                "101": 5,
                "102": 5,
                "141": 10
            },
            "dev_plan": [
                122,
                123,
                125
            ],
            "academics": 0,
            "temperament": 5,
            "concept": null,
            "conditions": [],
            "items": [
                15
            ],
            "money": 0,
            "willpower": 0,
            "bounty": 1,
            "relative_conditions": {},
            "tattoo": null,
            "crafted_before": []
        },
        "Teyao": {
            "name": "Teyao",
            "progress_dict": {
                "306": 5,
                "501": 5,
                "502": 5,
                "503": 5,
                "1501": 10,
                "507": 10,
                "508": 1
            },
            "dev_plan": [
                508,
                1502
            ],
            "academics": 0,
            "temperament": 3,
            "concept": "GAZE",
            "conditions": [],
            "items": [
                2401,
                12,
                8
            ],
            "money": 0,
            "willpower": 0,
            "bounty": 1,
            "relative_conditions": {},
            "tattoo": null,
            "crafted_before": []
        },
        "Hermes": {
            "name": "Hermes",
            "progress_dict": {
                "501": 5,
                "515": 5,
                "516": 5,
                "517": 5
            },
            "dev_plan": [
                502,
                509,
                519,
                518
            ],
            "academics": 1,
            "temperament": 5,
            "concept": null,
            "conditions": [],
            "items": [],
            "money": 3,
            "willpower": 0,
            "bounty": 1,
            "relative_conditions": {},
            "tattoo": null,
            "crafted_before": []
        },
        "Witherbrine26": {
            "name": "Witherbrine26",
            "progress_dict": {
                "201": 5,
                "202": 5,
                "210": 10
            },
            "dev_plan": [
                203
            ],
            "academics": 0,
            "temperament": 5,
            "concept": null,
            "conditions": [],
            "items": [
                9
            ],
            "money": 1,
            "willpower": 5,
            "bounty": 1,
            "relative_conditions": {},
            "tattoo": null,
            "crafted_before": []
        },
        "Poseidon": {
            "name": "Poseidon",
            "progress_dict": {
                "306": 5,
                "1901": 10,
                "1902": 15
            },
            "dev_plan": [
                101,
                117
            ],
            "academics": 0,
            "temperament": 2,
            "concept": "ENFLESHED",
            "conditions": [
                94,
                94,
                94,
                94,
                94
            ],
            "items": [
                19,
                2
            ],
            "money": 0,
            "willpower": 0,
            "bounty": 1,
            "relative_conditions": {},
            "tattoo": null,
            "crafted_before": []
        },
        "Aphrodite": {
            "name": "Aphrodite",
            "progress_dict": {
                "4201": 10,
                "4202": 10,
                "4203": 3
            },
            "dev_plan": [
                4203,
                4204,
                4205,
                401
            ],
            "academics": 0,
            "temperament": 5,
            "concept": "ZWEIHANDER",
            "conditions": [],
            "items": [
                4201
            ],
            "money": 3,
            "willpower": 0,
            "bounty": 1,
            "relative_conditions": {},
            "tattoo": null,
            "crafted_before": []
        },
        "Dionysus": {
            "name": "Dionysus",
            "progress_dict": {
                "201": 5,
                "202": 5,
                "217": 5,
                "218": 5
            },
            "dev_plan": [
                401,
                402,
                403
            ],
            "academics": 0,
            "temperament": 5,
            "concept": null,
            "conditions": [],
            "items": [
                2
            ],
            "money": 0,
            "willpower": 5,
            "bounty": 1,
            "relative_conditions": {},
            "tattoo": null,
            "crafted_before": []
        },
        "Hephaestus": {
            "name": "Hephaestus",
            "progress_dict": {
                "101": 5,
                "102": 5,
                "117": 5,
                "127": 5
            },
            "dev_plan": [
                401,
                402,
                403
            ],
            "academics": 0,
            "temperament": 5,
            "concept": null,
            "conditions": [],
            "items": [],
            "money": 3,
            "willpower": 0,
            "bounty": 1,
            "relative_conditions": {},
            "tattoo": null,
            "crafted_before": []
        },
        "Zeus": {
            "name": "Zeus",
            "progress_dict": {
                "201": 5,
                "222": 5,
                "225": 10
            },
            "dev_plan": [
                501,
                502,
                509
            ],
            "academics": 0,
            "temperament": 5,
            "concept": null,
            "conditions": [],
            "items": [
                9,
                8
            ],
            "money": 0,
            "willpower": 3,
            "bounty": 1,
            "relative_conditions": {},
            "tattoo": null,
            "crafted_before": []
        }
    },
    "automata": {}
}